Workbook

Sheet 수동정렬

Sheet 전적확인
A1: ID | B1: 드루_승 | C1: 드루_패 | D1: 어쎄_승 | E1: 어쎄_패 | F1: 네크_승 | G1: 네크_패 | H1: 슴딘_승 | I1: 슴딘_패 | J1: 종합_승 | K1: 종합_패 | L1: 종합_승률 | M1: 드루_승률 | N1: 어쎄_승률 | O1: 네크_승률 | P1: 슴딘_승률 | Q1: 순위 | R1: 점수 | S1: 날짜 | T1: 히든여부 | U1: 배치승리수 | V1: 티어 | W1: 이전 순위 | X1: 순위 증감
A2: 원 | B2: 5 | C2: 3 | D2: 2 | E2: 2 | F2: 6 | G2: 0 | H2: 5 | I2: 2 | J2: =B2+D2+F2+H2 -> 18 | K2: =C2+E2+G2+I2 -> 7 | L2: =ROUND(IFERROR(J2/(J2+K2),0)*100,1) -> 72 | M2: =ROUND(IFERROR(B2/(B2+C2),0)*100,1) -> 62.5 | N2: =ROUND(IFERROR(D2/(D2+E2),0)*100,1) -> 50 | O2: =ROUND(IFERROR(F2/(F2+G2),0)*100,1) -> 100 | P2: =ROUND(IFERROR(H2/(I2+H2),0)*100,1) -> 71.4 | Q2: =IF(A2="미등록", "", COUNTIF(A$2:A2,"<>미등록")) -> 1 | R2: 1359 | S2: 46061.976 | T2: N | U2: 14 | V2: {=IFERROR(INDEX('사용자목록'!O:O, MATCH(A2, '사용자목록'!A:A, 0)),"아이언")} -> 마스터 | W2: 1 | X2: =if(Q2<W2, "🔼", if(Q2>W2, "🔽", ""))
A3: 깡패 | B3: 8 | C3: 9 | D3: 11 | E3: 7 | F3: 6 | G3: 2 | H3: 7 | I3: 4 | J3: =B3+D3+F3+H3 -> 32 | K3: =C3+E3+G3+I3 -> 22 | L3: =ROUND(IFERROR(J3/(J3+K3),0)*100,1) -> 59.3 | M3: =ROUND(IFERROR(B3/(B3+C3),0)*100,1) -> 47.1 | N3: =ROUND(IFERROR(D3/(D3+E3),0)*100,1) -> 61.1 | O3: =ROUND(IFERROR(F3/(F3+G3),0)*100,1) -> 75 | P3: =ROUND(IFERROR(H3/(I3+H3),0)*100,1) -> 63.6 | Q3: =IF(A3="미등록", "", COUNTIF(A$2:A3,"<>미등록")) -> 2 | R3: 1316 | S3: 46063.018 | T3: N | U3: 12 | V3: {=IFERROR(INDEX('사용자목록'!O:O, MATCH(A3, '사용자목록'!A:A, 0)),"아이언")} -> 다이아 | W3: 2 | X3: =if(Q3<W3, "🔼", if(Q3>W3, "🔽", ""))
A4: 테리 | B4: 15 | C4: 8 | D4: 9 | E4: 9 | F4: 11 | G4: 8 | H4: 0 | I4: 0 | J4: =B4+D4+F4+H4 -> 35 | K4: =C4+E4+G4+I4 -> 25 | L4: =ROUND(IFERROR(J4/(J4+K4),0)*100,1) -> 58.3 | M4: =ROUND(IFERROR(B4/(B4+C4),0)*100,1) -> 65.2 | N4: =ROUND(IFERROR(D4/(D4+E4),0)*100,1) -> 50 | O4: =ROUND(IFERROR(F4/(F4+G4),0)*100,1) -> 57.9 | P4: =ROUND(IFERROR(H4/(I4+H4),0)*100,1) -> 0 | Q4: =IF(A4="미등록", "", COUNTIF(A$2:A4,"<>미등록")) -> 3 | R4: 1297 | S4: 46062.984 | T4: N | U4: 10 | V4: {=IFERROR(INDEX('사용자목록'!O:O, MATCH(A4, '사용자목록'!A:A, 0)),"아이언")} -> 마스터 | W4: 3 | X4: =if(Q4<W4, "🔼", if(Q4>W4, "🔽", ""))
A5: 규식 | B5: 0 | C5: 0 | D5: 6 | E5: 3 | F5: 5 | G5: 3 | H5: 9 | I5: 4 | J5: =B5+D5+F5+H5 -> 20 | K5: =C5+E5+G5+I5 -> 10 | L5: =ROUND(IFERROR(J5/(J5+K5),0)*100,1) -> 66.7 | M5: =ROUND(IFERROR(B5/(B5+C5),0)*100,1) -> 0 | N5: =ROUND(IFERROR(D5/(D5+E5),0)*100,1) -> 66.7 | O5: =ROUND(IFERROR(F5/(F5+G5),0)*100,1) -> 62.5 | P5: =ROUND(IFERROR(H5/(I5+H5),0)*100,1) -> 69.2 | Q5: =IF(A5="미등록", "", COUNTIF(A$2:A5,"<>미등록")) -> 4 | R5: 1279 | S5: 46063.018 | T5: N | U5: 12 | V5: {=IFERROR(INDEX('사용자목록'!O:O, MATCH(A5, '사용자목록'!A:A, 0)),"아이언")} -> 마스터 | W5: 4 | X5: =if(Q5<W5, "🔼", if(Q5>W5, "🔽", ""))
A6: 참치 | B6: 5 | C6: 2 | D6: 3 | E6: 3 | F6: 2 | G6: 1 | H6: 1 | I6: 3 | J6: =B6+D6+F6+H6 -> 11 | K6: =C6+E6+G6+I6 -> 9 | L6: =ROUND(IFERROR(J6/(J6+K6),0)*100,1) -> 55 | M6: =ROUND(IFERROR(B6/(B6+C6),0)*100,1) -> 71.4 | N6: =ROUND(IFERROR(D6/(D6+E6),0)*100,1) -> 50 | O6: =ROUND(IFERROR(F6/(F6+G6),0)*100,1) -> 66.7 | P6: =ROUND(IFERROR(H6/(I6+H6),0)*100,1) -> 25 | Q6: =IF(A6="미등록", "", COUNTIF(A$2:A6,"<>미등록")) -> 5 | R6: 1264 | S6: 46062.21 | T6: N | U6: 11 | V6: {=IFERROR(INDEX('사용자목록'!O:O, MATCH(A6, '사용자목록'!A:A, 0)),"아이언")} -> 아이언 | W6: 5 | X6: =if(Q6<W6, "🔼", if(Q6>W6, "🔽", ""))
A7: 신형만 | B7: 5 | C7: 7 | D7: 8 | E7: 6 | F7: 4 | G7: 8 | H7: 8 | I7: 9 | J7: =B7+D7+F7+H7 -> 25 | K7: =C7+E7+G7+I7 -> 30 | L7: =ROUND(IFERROR(J7/(J7+K7),0)*100,1) -> 45.5 | M7: =ROUND(IFERROR(B7/(B7+C7),0)*100,1) -> 41.7 | N7: =ROUND(IFERROR(D7/(D7+E7),0)*100,1) -> 57.1 | O7: =ROUND(IFERROR(F7/(F7+G7),0)*100,1) -> 33.3 | P7: =ROUND(IFERROR(H7/(I7+H7),0)*100,1) -> 47.1 | Q7: =IF(A7="미등록", "", COUNTIF(A$2:A7,"<>미등록")) -> 6 | R7: 1204 | S7: 46063.018 | T7: N | U7: 7 | V7: {=IFERROR(INDEX('사용자목록'!O:O, MATCH(A7, '사용자목록'!A:A, 0)),"아이언")} -> 골드 | W7: 6 | X7: =if(Q7<W7, "🔼", if(Q7>W7, "🔽", ""))
A8: 넘버 | B8: 0 | C8: 4 | D8: 4 | E8: 3 | F8: 4 | G8: 1 | H8: 2 | I8: 4 | J8: =B8+D8+F8+H8 -> 10 | K8: =C8+E8+G8+I8 -> 12 | L8: =ROUND(IFERROR(J8/(J8+K8),0)*100,1) -> 45.5 | M8: =ROUND(IFERROR(B8/(B8+C8),0)*100,1) -> 0 | N8: =ROUND(IFERROR(D8/(D8+E8),0)*100,1) -> 57.1 | O8: =ROUND(IFERROR(F8/(F8+G8),0)*100,1) -> 80 | P8: =ROUND(IFERROR(H8/(I8+H8),0)*100,1) -> 33.3 | Q8: =IF(A8="미등록", "", COUNTIF(A$2:A8,"<>미등록")) -> 7 | R8: 1204 | S8: 46052.896 | T8: N | U8: 11 | V8: {=IFERROR(INDEX('사용자목록'!O:O, MATCH(A8, '사용자목록'!A:A, 0)),"아이언")} -> 마스터 | W8: 7 | X8: =if(Q8<W8, "🔼", if(Q8>W8, "🔽", ""))
A9: 학생 | B9: 6 | C9: 7 | D9: 7 | E9: 10 | F9: 7 | G9: 5 | H9: 5 | I9: 5 | J9: =B9+D9+F9+H9 -> 25 | K9: =C9+E9+G9+I9 -> 27 | L9: =ROUND(IFERROR(J9/(J9+K9),0)*100,1) -> 48.1 | M9: =ROUND(IFERROR(B9/(B9+C9),0)*100,1) -> 46.2 | N9: =ROUND(IFERROR(D9/(D9+E9),0)*100,1) -> 41.2 | O9: =ROUND(IFERROR(F9/(F9+G9),0)*100,1) -> 58.3 | P9: =ROUND(IFERROR(H9/(I9+H9),0)*100,1) -> 50 | Q9: =IF(A9="미등록", "", COUNTIF(A$2:A9,"<>미등록")) -> 8 | R9: 1189 | S9: 46063.018 | T9: N | U9: 11 | V9: {=IFERROR(INDEX('사용자목록'!O:O, MATCH(A9, '사용자목록'!A:A, 0)),"아이언")} -> 아이언 | W9: 8 | X9: =if(Q9<W9, "🔼", if(Q9>W9, "🔽", ""))
A10: 기재 | B10: 5 | C10: 2 | D10: 0 | E10: 0 | F10: 3 | G10: 6 | H10: 1 | I10: 6 | J10: =B10+D10+F10+H10 -> 9 | K10: =C10+E10+G10+I10 -> 14 | L10: =ROUND(IFERROR(J10/(J10+K10),0)*100,1) -> 39.1 | M10: =ROUND(IFERROR(B10/(B10+C10),0)*100,1) -> 71.4 | N10: =ROUND(IFERROR(D10/(D10+E10),0)*100,1) -> 0 | O10: =ROUND(IFERROR(F10/(F10+G10),0)*100,1) -> 33.3 | P10: =ROUND(IFERROR(H10/(I10+H10),0)*100,1) -> 14.3 | Q10: =IF(A10="미등록", "", COUNTIF(A$2:A10,"<>미등록")) -> 9 | R10: 1177 | S10: 46062.902 | T10: N | U10: 8 | V10: {=IFERROR(INDEX('사용자목록'!O:O, MATCH(A10, '사용자목록'!A:A, 0)),"아이언")} -> 플래티넘 | W10: 9 | X10: =if(Q10<W10, "🔼", if(Q10>W10, "🔽", ""))
A11: ACDC | B11: 9 | C11: 5 | D11: 1 | E11: 4 | F11: 6 | G11: 6 | H11: 7 | I11: 11 | J11: =B11+D11+F11+H11 -> 23 | K11: =C11+E11+G11+I11 -> 26 | L11: =ROUND(IFERROR(J11/(J11+K11),0)*100,1) -> 46.9 | M11: =ROUND(IFERROR(B11/(B11+C11),0)*100,1) -> 64.3 | N11: =ROUND(IFERROR(D11/(D11+E11),0)*100,1) -> 20 | O11: =ROUND(IFERROR(F11/(F11+G11),0)*100,1) -> 50 | P11: =ROUND(IFERROR(H11/(I11+H11),0)*100,1) -> 38.9 | Q11: =IF(A11="미등록", "", COUNTIF(A$2:A11,"<>미등록")) -> 10 | R11: 1149 | S11: 46062.21 | T11: N | U11: 4 | V11: {=IFERROR(INDEX('사용자목록'!O:O, MATCH(A11, '사용자목록'!A:A, 0)),"아이언")} -> 실버 | W11: 10 | X11: =if(Q11<W11, "🔼", if(Q11>W11, "🔽", ""))
A12: 짱구 | B12: 1 | C12: 3 | D12: 9 | E12: 6 | F12: 4 | G12: 7 | H12: 5 | I12: 6 | J12: =B12+D12+F12+H12 -> 19 | K12: =C12+E12+G12+I12 -> 22 | L12: =ROUND(IFERROR(J12/(J12+K12),0)*100,1) -> 46.3 | M12: =ROUND(IFERROR(B12/(B12+C12),0)*100,1) -> 25 | N12: =ROUND(IFERROR(D12/(D12+E12),0)*100,1) -> 60 | O12: =ROUND(IFERROR(F12/(F12+G12),0)*100,1) -> 36.4 | P12: =ROUND(IFERROR(H12/(I12+H12),0)*100,1) -> 45.5 | Q12: =IF(A12="미등록", "", COUNTIF(A$2:A12,"<>미등록")) -> 11 | R12: 1115 | S12: 46062.21 | T12: N | U12: 10 | V12: {=IFERROR(INDEX('사용자목록'!O:O, MATCH(A12, '사용자목록'!A:A, 0)),"아이언")} -> 골드 | W12: 11 | X12: =if(Q12<W12, "🔼", if(Q12>W12, "🔽", ""))
A13: 한메 | B13: 0 | C13: 4 | D13: 0 | E13: 0 | F13: 3 | G13: 2 | H13: 7 | I13: 3 | J13: =B13+D13+F13+H13 -> 10 | K13: =C13+E13+G13+I13 -> 9 | L13: =ROUND(IFERROR(J13/(J13+K13),0)*100,1) -> 52.6 | M13: =ROUND(IFERROR(B13/(B13+C13),0)*100,1) -> 0 | N13: =ROUND(IFERROR(D13/(D13+E13),0)*100,1) -> 0 | O13: =ROUND(IFERROR(F13/(F13+G13),0)*100,1) -> 60 | P13: =ROUND(IFERROR(H13/(I13+H13),0)*100,1) -> 70 | Q13: =IF(A13="미등록", "", COUNTIF(A$2:A13,"<>미등록")) -> 12 | R13: 0 | S13: 46062.984 | T13: N | U13: 6 | V13: {=IFERROR(INDEX('사용자목록'!O:O, MATCH(A13, '사용자목록'!A:A, 0)),"아이언")} -> 골드 | W13: 12 | X13: =if(Q13<W13, "🔼", if(Q13>W13, "🔽", ""))
... A22: 노픽업 | B22: 0 | C22: 0 | D22: 0 | E22: 3 | F22: 0 | G22: 3 | H22: 1 | I22: 1 | J22: =B22+D22+F22+H22 -> 1 | K22: =C22+E22+G22+I22 -> 7 | L22: =ROUND(IFERROR(J22/(J22+K22),0)*100,1) -> 12.5 | M22: =ROUND(IFERROR(B22/(B22+C22),0)*100,1) -> 0 | N22: =ROUND(IFERROR(D22/(D22+E22),0)*100,1) -> 0 | O22: =ROUND(IFERROR(F22/(F22+G22),0)*100,1) -> 0 | P22: =ROUND(IFERROR(H22/(I22+H22),0)*100,1) -> 50 | Q22: =IF(A22="미등록", "", COUNTIF(A$2:A22,"<>미등록")) -> 21 | R22: 0 | S22: 45987.885 | T22: N | U22: 0 | V22: {=IFERROR(INDEX('사용자목록'!O:O, MATCH(A22, '사용자목록'!A:A, 0)),"아이언")} -> 실버 | W22: 21 | X22: =if(Q22<W22, "🔼", if(Q22>W22, "🔽", ""))
A23: 미등록 | B23: 0 | C23: 0 | D23: 0 | E23: 0 | F23: 0 | G23: 0 | H23: 0 | I23: 0 | J23: =B23+D23+F23+H23 -> 0 | K23: =C23+E23+G23+I23 -> 0 | L23: =ROUND(IFERROR(J23/(J23+K23),0)*100,1) -> 0 | M23: =ROUND(IFERROR(B23/(B23+C23),0)*100,1) -> 0 | N23: =ROUND(IFERROR(D23/(D23+E23),0)*100,1) -> 0 | O23: =ROUND(IFERROR(F23/(F23+G23),0)*100,1) -> 0 | P23: =ROUND(IFERROR(H23/(I23+H23),0)*100,1) -> 0 | Q23: =IF(A23="미등록", "", COUNTIF(A$2:A23,"<>미등록")) | R23: 0 | S23: 45953.033 | T23: Y | U23: 0 | V23: {=IFERROR(INDEX('사용자목록'!O:O, MATCH(A23, '사용자목록'!A:A, 0)),"아이언")} -> 아이언 | X23: =if(Q23<W23, "🔼", if(Q23>W23, "🔽", ""))
A24: 웅 | B24: 0 | C24: 0 | D24: 0 | E24: 0 | F24: 0 | G24: 1 | H24: 0 | I24: 1 | J24: =B24+D24+F24+H24 -> 0 | K24: =C24+E24+G24+I24 -> 2 | L24: =ROUND(IFERROR(J24/(J24+K24),0)*100,1) -> 0 | M24: =ROUND(IFERROR(B24/(B24+C24),0)*100,1) -> 0 | N24: =ROUND(IFERROR(D24/(D24+E24),0)*100,1) -> 0 | O24: =ROUND(IFERROR(F24/(F24+G24),0)*100,1) -> 0 | P24: =ROUND(IFERROR(H24/(I24+H24),0)*100,1) -> 0 | Q24: =IF(A24="미등록", "", COUNTIF(A$2:A24,"<>미등록")) -> 22 | R24: 0 | S24: 46061.976 | T24: N | U24: 0 | V24: {=IFERROR(INDEX('사용자목록'!O:O, MATCH(A24, '사용자목록'!A:A, 0)),"아이언")} -> 아이언 | W24: 22 | X24: =if(Q24<W24, "🔼", if(Q24>W24, "🔽", ""))
A25: 수련 | B25: 0 | C25: 0 | D25: 0 | E25: 1 | F25: 0 | G25: 1 | H25: 0 | I25: 0 | J25: =B25+D25+F25+H25 -> 0 | K25: =C25+E25+G25+I25 -> 2 | L25: =ROUND(IFERROR(J25/(J25+K25),0)*100,1) -> 0 | M25: =ROUND(IFERROR(B25/(B25+C25),0)*100,1) -> 0 | N25: =ROUND(IFERROR(D25/(D25+E25),0)*100,1) -> 0 | O25: =ROUND(IFERROR(F25/(F25+G25),0)*100,1) -> 0 | P25: =ROUND(IFERROR(H25/(I25+H25),0)*100,1) -> 0 | Q25: =IF(A25="미등록", "", COUNTIF(A$2:A25,"<>미등록")) -> 23 | R25: 0 | S25: 46062.21 | T25: N | U25: 0 | V25: {=IFERROR(INDEX('사용자목록'!O:O, MATCH(A25, '사용자목록'!A:A, 0)),"아이언")} -> 아이언 | W25: 23 | X25: =if(Q25<W25, "🔼", if(Q25>W25, "🔽", ""))
A26: 유즈 | B26: 0 | C26: 2 | D26: 0 | E26: 2 | F26: 0 | G26: 0 | H26: 0 | I26: 0 | J26: =B26+D26+F26+H26 -> 0 | K26: =C26+E26+G26+I26 -> 4 | L26: =ROUND(IFERROR(J26/(J26+K26),0)*100,1) -> 0 | M26: =ROUND(IFERROR(B26/(B26+C26),0)*100,1) -> 0 | N26: =ROUND(IFERROR(D26/(D26+E26),0)*100,1) -> 0 | O26: =ROUND(IFERROR(F26/(F26+G26),0)*100,1) -> 0 | P26: =ROUND(IFERROR(H26/(I26+H26),0)*100,1) -> 0 | Q26: =IF(A26="미등록", "", COUNTIF(A$2:A26,"<>미등록")) -> 24 | R26: 0 | S26: 45986.968 | T26: N | U26: 0 | V26: {=IFERROR(INDEX('사용자목록'!O:O, MATCH(A26, '사용자목록'!A:A, 0)),"아이언")} -> 아이언 | W26: 24 | X26: =if(Q26<W26, "🔼", if(Q26>W26, "🔽", ""))

Sheet 전적확인_시즌14
A1: ID | B1: 드루_승 | C1: 드루_패 | D1: 어쎄_승 | E1: 어쎄_패 | F1: 네크_승 | G1: 네크_패 | H1: 슴딘_승 | I1: 슴딘_패 | J1: 종합_승 | K1: 종합_패 | L1: 종합_승률 | M1: 드루_승률 | N1: 어쎄_승률 | O1: 네크_승률 | P1: 슴딘_승률 | Q1: 순위 | R1: 점수 | S1: 날짜 | T1: 히든여부 | U1: 배치승리수 | V1: 티어 | W1: 이전 순위 | X1: 순위 증감
A2: 깡패 | B2: 21 | C2: 21 | D2: 24 | E2: 16 | F2: 13 | G2: 15 | H2: 33 | I2: 17 | J2: =B2+D2+F2+H2 -> 91 | K2: =C2+E2+G2+I2 -> 69 | L2: =ROUND(IFERROR(J2/(J2+K2),0)*100,1) -> 56.9 | M2: =ROUND(IFERROR(B2/(B2+C2),0)*100,1) -> 50 | N2: =ROUND(IFERROR(D2/(D2+E2),0)*100,1) -> 60 | O2: =ROUND(IFERROR(F2/(F2+G2),0)*100,1) -> 46.4 | P2: =ROUND(IFERROR(H2/(I2+H2),0)*100,1) -> 66 | Q2: =IF(A2="미등록", "", COUNTIF(A$2:A2,"<>미등록")) -> 1 | R2: 1724 | S2: 45970.981 | T2: N | U2: 10 | V2: {=IFERROR(INDEX('사용자목록'!O:O, MATCH(A2, '사용자목록'!A:A, 0)),"아이언")} -> 다이아 | W2: 1 | X2: =if(Q2<W2, "🔼", if(Q2>W2, "🔽", ""))
A3: 넘버 | B3: 20 | C3: 8 | D3: 14 | E3: 13 | F3: 16 | G3: 8 | H3: 19 | I3: 17 | J3: =B3+D3+F3+H3 -> 69 | K3: =C3+E3+G3+I3 -> 46 | L3: =ROUND(IFERROR(J3/(J3+K3),0)*100,1) -> 60 | M3: =ROUND(IFERROR(B3/(B3+C3),0)*100,1) -> 71.4 | N3: =ROUND(IFERROR(D3/(D3+E3),0)*100,1) -> 51.9 | O3: =ROUND(IFERROR(F3/(F3+G3),0)*100,1) -> 66.7 | P3: =ROUND(IFERROR(H3/(I3+H3),0)*100,1) -> 52.8 | Q3: =IF(A3="미등록", "", COUNTIF(A$2:A3,"<>미등록")) -> 2 | R3: 1693 | S3: 45970.981 | T3: N | U3: 12 | V3: {=IFERROR(INDEX('사용자목록'!O:O, MATCH(A3, '사용자목록'!A:A, 0)),"아이언")} -> 마스터 | W3: 3 | X3: =if(Q3<W3, "🔼", if(Q3>W3, "🔽", "")) -> 🔼
A4: 테리 | B4: 28 | C4: 13 | D4: 28 | E4: 11 | F4: 19 | G4: 12 | H4: 0 | I4: 0 | J4: =B4+D4+F4+H4 -> 75 | K4: =C4+E4+G4+I4 -> 36 | L4: =ROUND(IFERROR(J4/(J4+K4),0)*100,1) -> 67.6 | M4: =ROUND(IFERROR(B4/(B4+C4),0)*100,1) -> 68.3 | N4: =ROUND(IFERROR(D4/(D4+E4),0)*100,1) -> 71.8 | O4: =ROUND(IFERROR(F4/(F4+G4),0)*100,1) -> 61.3 | P4: =ROUND(IFERROR(H4/(I4+H4),0)*100,1) -> 0 | Q4: =IF(A4="미등록", "", COUNTIF(A$2:A4,"<>미등록")) -> 3 | R4: 1691 | S4: 45970.981 | T4: N | U4: 0 | V4: {=IFERROR(INDEX('사용자목록'!O:O, MATCH(A4, '사용자목록'!A:A, 0)),"아이언")} -> 마스터 | W4: 2 | X4: =if(Q4<W4, "🔼", if(Q4>W4, "🔽", "")) -> 🔽
A5: 원 | B5: 8 | C5: 5 | D5: 10 | E5: 5 | F5: 10 | G5: 3 | H5: 15 | I5: 6 | J5: =B5+D5+F5+H5 -> 43 | K5: =C5+E5+G5+I5 -> 19 | L5: =ROUND(IFERROR(J5/(J5+K5),0)*100,1) -> 69.4 | M5: =ROUND(IFERROR(B5/(B5+C5),0)*100,1) -> 61.5 | N5: =ROUND(IFERROR(D5/(D5+E5),0)*100,1) -> 66.7 | O5: =ROUND(IFERROR(F5/(F5+G5),0)*100,1) -> 76.9 | P5: =ROUND(IFERROR(H5/(I5+H5),0)*100,1) -> 71.4 | Q5: =IF(A5="미등록", "", COUNTIF(A$2:A5,"<>미등록")) -> 4 | R5: 1652 | S5: 45970.981 | T5: N | U5: 16 | V5: {=IFERROR(INDEX('사용자목록'!O:O, MATCH(A5, '사용자목록'!A:A, 0)),"아이언")} -> 마스터 | W5: 4 | X5: =if(Q5<W5, "🔼", if(Q5>W5, "🔽", ""))
A6: 솔 | B6: 15 | C6: 14 | D6: 13 | E6: 4 | F6: 10 | G6: 6 | H6: 13 | I6: 12 | J6: =B6+D6+F6+H6 -> 51 | K6: =C6+E6+G6+I6 -> 36 | L6: =ROUND(IFERROR(J6/(J6+K6),0)*100,1) -> 58.6 | M6: =ROUND(IFERROR(B6/(B6+C6),0)*100,1) -> 51.7 | N6: =ROUND(IFERROR(D6/(D6+E6),0)*100,1) -> 76.5 | O6: =ROUND(IFERROR(F6/(F6+G6),0)*100,1) -> 62.5 | P6: =ROUND(IFERROR(H6/(I6+H6),0)*100,1) -> 52 | Q6: =IF(A6="미등록", "", COUNTIF(A$2:A6,"<>미등록")) -> 5 | R6: 1631 | S6: 45970.96 | T6: N | U6: 10 | V6: {=IFERROR(INDEX('사용자목록'!O:O, MATCH(A6, '사용자목록'!A:A, 0)),"아이언")} -> 다이아 | W6: 5 | X6: =if(Q6<W6, "🔼", if(Q6>W6, "🔽", ""))
A7: 규식 | B7: 0 | C7: 0 | D7: 30 | E7: 15 | F7: 23 | G7: 17 | H7: 32 | I7: 23 | J7: =B7+D7+F7+H7 -> 85 | K7: =C7+E7+G7+I7 -> 55 | L7: =ROUND(IFERROR(J7/(J7+K7),0)*100,1) -> 60.7 | M7: =ROUND(IFERROR(B7/(B7+C7),0)*100,1) -> 0 | N7: =ROUND(IFERROR(D7/(D7+E7),0)*100,1) -> 66.7 | O7: =ROUND(IFERROR(F7/(F7+G7),0)*100,1) -> 57.5 | P7: =ROUND(IFERROR(H7/(I7+H7),0)*100,1) -> 58.2 | Q7: =IF(A7="미등록", "", COUNTIF(A$2:A7,"<>미등록")) -> 6 | R7: 1592 | S7: 45970.981 | T7: N | U7: 0 | V7: {=IFERROR(INDEX('사용자목록'!O:O, MATCH(A7, '사용자목록'!A:A, 0)),"아이언")} -> 마스터 | W7: 6 | X7: =if(Q7<W7, "🔼", if(Q7>W7, "🔽", ""))
A8: 짱구 | B8: 3 | C8: 12 | D8: 22 | E8: 16 | F8: 16 | G8: 11 | H8: 9 | I8: 13 | J8: =B8+D8+F8+H8 -> 50 | K8: =C8+E8+G8+I8 -> 52 | L8: =ROUND(IFERROR(J8/(J8+K8),0)*100,1) -> 49 | M8: =ROUND(IFERROR(B8/(B8+C8),0)*100,1) -> 20 | N8: =ROUND(IFERROR(D8/(D8+E8),0)*100,1) -> 57.9 | O8: =ROUND(IFERROR(F8/(F8+G8),0)*100,1) -> 59.3 | P8: =ROUND(IFERROR(H8/(I8+H8),0)*100,1) -> 40.9 | Q8: =IF(A8="미등록", "", COUNTIF(A$2:A8,"<>미등록")) -> 7 | R8: 1554 | S8: 45970.981 | T8: N | U8: 0 | V8: {=IFERROR(INDEX('사용자목록'!O:O, MATCH(A8, '사용자목록'!A:A, 0)),"아이언")} -> 골드 | W8: 7 | X8: =if(Q8<W8, "🔼", if(Q8>W8, "🔽", ""))
A9: 노인 | B9: 25 | C9: 11 | D9: 20 | E9: 21 | F9: 14 | G9: 16 | H9: 0 | I9: 0 | J9: =B9+D9+F9+H9 -> 59 | K9: =C9+E9+G9+I9 -> 48 | L9: =ROUND(IFERROR(J9/(J9+K9),0)*100,1) -> 55.1 | M9: =ROUND(IFERROR(B9/(B9+C9),0)*100,1) -> 69.4 | N9: =ROUND(IFERROR(D9/(D9+E9),0)*100,1) -> 48.8 | O9: =ROUND(IFERROR(F9/(F9+G9),0)*100,1) -> 46.7 | P9: =ROUND(IFERROR(H9/(I9+H9),0)*100,1) -> 0 | Q9: =IF(A9="미등록", "", COUNTIF(A$2:A9,"<>미등록")) -> 8 | R9: 1546 | S9: 45966.917 | T9: N | U9: 0 | V9: {=IFERROR(INDEX('사용자목록'!O:O, MATCH(A9, '사용자목록'!A:A, 0)),"아이언")} -> 다이아 | W9: 8 | X9: =if(Q9<W9, "🔼", if(Q9>W9, "🔽", ""))
A10: 기재 | B10: 15 | C10: 19 | D10: 0 | E10: 0 | F10: 19 | G10: 14 | H10: 25 | I10: 16 | J10: =B10+D10+F10+H10 -> 59 | K10: =C10+E10+G10+I10 -> 49 | L10: =ROUND(IFERROR(J10/(J10+K10),0)*100,1) -> 54.6 | M10: =ROUND(IFERROR(B10/(B10+C10),0)*100,1) -> 44.1 | N10: =ROUND(IFERROR(D10/(D10+E10),0)*100,1) -> 0 | O10: =ROUND(IFERROR(F10/(F10+G10),0)*100,1) -> 57.6 | P10: =ROUND(IFERROR(H10/(I10+H10),0)*100,1) -> 61 | Q10: =IF(A10="미등록", "", COUNTIF(A$2:A10,"<>미등록")) -> 9 | R10: 1475 | S10: 45970.942 | T10: N | U10: 0 | V10: {=IFERROR(INDEX('사용자목록'!O:O, MATCH(A10, '사용자목록'!A:A, 0)),"아이언")} -> 플래티넘 | W10: 9 | X10: =if(Q10<W10, "🔼", if(Q10>W10, "🔽", ""))
A11: 신형만 | B11: 21 | C11: 18 | D11: 13 | E11: 21 | F11: 14 | G11: 26 | H11: 21 | I11: 29 | J11: =B11+D11+F11+H11 -> 69 | K11: =C11+E11+G11+I11 -> 94 | L11: =ROUND(IFERROR(J11/(J11+K11),0)*100,1) -> 42.3 | M11: =ROUND(IFERROR(B11/(B11+C11),0)*100,1) -> 53.8 | N11: =ROUND(IFERROR(D11/(D11+E11),0)*100,1) -> 38.2 | O11: =ROUND(IFERROR(F11/(F11+G11),0)*100,1) -> 35 | P11: =ROUND(IFERROR(H11/(I11+H11),0)*100,1) -> 42 | Q11: =IF(A11="미등록", "", COUNTIF(A$2:A11,"<>미등록")) -> 10 | R11: 1460 | S11: 45970.981 | T11: N | U11: 7 | V11: {=IFERROR(INDEX('사용자목록'!O:O, MATCH(A11, '사용자목록'!A:A, 0)),"아이언")} -> 골드 | W11: 11 | X11: =if(Q11<W11, "🔼", if(Q11>W11, "🔽", "")) -> 🔼
A12: 참치 | B12: 3 | C12: 7 | D12: 9 | E12: 2 | F12: 3 | G12: 2 | H12: 5 | I12: 6 | J12: =B12+D12+F12+H12 -> 20 | K12: =C12+E12+G12+I12 -> 17 | L12: =ROUND(IFERROR(J12/(J12+K12),0)*100,1) -> 54.1 | M12: =ROUND(IFERROR(B12/(B12+C12),0)*100,1) -> 30 | N12: =ROUND(IFERROR(D12/(D12+E12),0)*100,1) -> 81.8 | O12: =ROUND(IFERROR(F12/(F12+G12),0)*100,1) -> 60 | P12: =ROUND(IFERROR(H12/(I12+H12),0)*100,1) -> 45.5 | Q12: =IF(A12="미등록", "", COUNTIF(A$2:A12,"<>미등록")) -> 11 | R12: 1435 | S12: 45966.052 | T12: N | U12: 10 | V12: {=IFERROR(INDEX('사용자목록'!O:O, MATCH(A12, '사용자목록'!A:A, 0)),"아이언")} -> 아이언 | W12: 10 | X12: =if(Q12<W12, "🔼", if(Q12>W12, "🔽", "")) -> 🔽
A13: 한메 | B13: 17 | C13: 16 | D13: 0 | E13: 0 | F13: 11 | G13: 15 | H13: 18 | I13: 25 | J13: =B13+D13+F13+H13 -> 46 | K13: =C13+E13+G13+I13 -> 56 | L13: =ROUND(IFERROR(J13/(J13+K13),0)*100,1) -> 45.1 | M13: =ROUND(IFERROR(B13/(B13+C13),0)*100,1) -> 51.5 | N13: =ROUND(IFERROR(D13/(D13+E13),0)*100,1) -> 0 | O13: =ROUND(IFERROR(F13/(F13+G13),0)*100,1) -> 42.3 | P13: =ROUND(IFERROR(H13/(I13+H13),0)*100,1) -> 41.9 | Q13: =IF(A13="미등록", "", COUNTIF(A$2:A13,"<>미등록")) -> 12 | R13: 1424 | S13: 45967.047 | T13: N | U13: 1 | V13: {=IFERROR(INDEX('사용자목록'!O:O, MATCH(A13, '사용자목록'!A:A, 0)),"아이언")} -> 골드 | W13: 12 | X13: =if(Q13<W13, "🔼", if(Q13>W13, "🔽", ""))
... A28: 새출발 | B28: 0 | C28: 2 | D28: 0 | E28: 3 | F28: 1 | G28: 1 | H28: 0 | I28: 0 | J28: =B28+D28+F28+H28 -> 1 | K28: =C28+E28+G28+I28 -> 6 | L28: =ROUND(IFERROR(J28/(J28+K28),0)*100,1) -> 14.3 | M28: =ROUND(IFERROR(B28/(B28+C28),0)*100,1) -> 0 | N28: =ROUND(IFERROR(D28/(D28+E28),0)*100,1) -> 0 | O28: =ROUND(IFERROR(F28/(F28+G28),0)*100,1) -> 50 | P28: =ROUND(IFERROR(H28/(I28+H28),0)*100,1) -> 0 | Q28: =IF(A28="미등록", "", COUNTIF(A$2:A28,"<>미등록")) -> 27 | R28: 0 | S28: 45931.028 | T28: N | U28: 0 | V28: {=IFERROR(INDEX('사용자목록'!O:O, MATCH(A28, '사용자목록'!A:A, 0)),"아이언")} -> 아이언 | W28: 27 | X28: =if(Q28<W28, "🔼", if(Q28>W28, "🔽", ""))
A29: 미등록 | B29: 0 | C29: 0 | D29: 0 | E29: 0 | F29: 0 | G29: 0 | H29: 0 | I29: 0 | J29: =B29+D29+F29+H29 -> 0 | K29: =C29+E29+G29+I29 -> 0 | L29: =ROUND(IFERROR(J29/(J29+K29),0)*100,1) -> 0 | M29: =ROUND(IFERROR(B29/(B29+C29),0)*100,1) -> 0 | N29: =ROUND(IFERROR(D29/(D29+E29),0)*100,1) -> 0 | O29: =ROUND(IFERROR(F29/(F29+G29),0)*100,1) -> 0 | P29: =ROUND(IFERROR(H29/(I29+H29),0)*100,1) -> 0 | Q29: =IF(A29="미등록", "", COUNTIF(A$2:A29,"<>미등록")) | R29: 0 | S29: 45953.033 | T29: Y | U29: 0 | V29: {=IFERROR(INDEX('사용자목록'!O:O, MATCH(A29, '사용자목록'!A:A, 0)),"아이언")} -> 아이언 | X29: =if(Q29<W29, "🔼", if(Q29>W29, "🔽", ""))
A30: 뼈해장국 | B30: 0 | C30: 0 | D30: 0 | E30: 0 | F30: 0 | G30: 1 | H30: 0 | I30: 1 | J30: =B30+D30+F30+H30 -> 0 | K30: =C30+E30+G30+I30 -> 2 | L30: =ROUND(IFERROR(J30/(J30+K30),0)*100,1) -> 0 | M30: =ROUND(IFERROR(B30/(B30+C30),0)*100,1) -> 0 | N30: =ROUND(IFERROR(D30/(D30+E30),0)*100,1) -> 0 | O30: =ROUND(IFERROR(F30/(F30+G30),0)*100,1) -> 0 | P30: =ROUND(IFERROR(H30/(I30+H30),0)*100,1) -> 0 | Q30: =IF(A30="미등록", "", COUNTIF(A$2:A30,"<>미등록")) -> 28 | R30: 0 | S30: 45932.024 | T30: N | U30: 0 | V30: {=IFERROR(INDEX('사용자목록'!O:O, MATCH(A30, '사용자목록'!A:A, 0)),"아이언")} -> 아이언 | W30: 28 | X30: =if(Q30<W30, "🔼", if(Q30>W30, "🔽", ""))
A31: 강화 | B31: 0 | C31: 0 | D31: 0 | E31: 0 | F31: 0 | G31: 1 | H31: 0 | I31: 1 | J31: =B31+D31+F31+H31 -> 0 | K31: =C31+E31+G31+I31 -> 2 | L31: =ROUND(IFERROR(J31/(J31+K31),0)*100,1) -> 0 | M31: =ROUND(IFERROR(B31/(B31+C31),0)*100,1) -> 0 | N31: =ROUND(IFERROR(D31/(D31+E31),0)*100,1) -> 0 | O31: =ROUND(IFERROR(F31/(F31+G31),0)*100,1) -> 0 | P31: =ROUND(IFERROR(H31/(I31+H31),0)*100,1) -> 0 | Q31: =IF(A31="미등록", "", COUNTIF(A$2:A31,"<>미등록")) -> 29 | R31: 0 | S31: 45937.081 | T31: N | U31: 0 | V31: {=IFERROR(INDEX('사용자목록'!O:O, MATCH(A31, '사용자목록'!A:A, 0)),"아이언")} -> 아이언 | W31: 29 | X31: =if(Q31<W31, "🔼", if(Q31>W31, "🔽", ""))
A32: 조네 | B32: 0 | C32: 2 | D32: 0 | E32: 2 | F32: 0 | G32: 0 | H32: 0 | I32: 0 | J32: =B32+D32+F32+H32 -> 0 | K32: =C32+E32+G32+I32 -> 4 | L32: =ROUND(IFERROR(J32/(J32+K32),0)*100,1) -> 0 | M32: =ROUND(IFERROR(B32/(B32+C32),0)*100,1) -> 0 | N32: =ROUND(IFERROR(D32/(D32+E32),0)*100,1) -> 0 | O32: =ROUND(IFERROR(F32/(F32+G32),0)*100,1) -> 0 | P32: =ROUND(IFERROR(H32/(I32+H32),0)*100,1) -> 0 | Q32: =IF(A32="미등록", "", COUNTIF(A$2:A32,"<>미등록")) -> 30 | R32: 0 | S32: 45951.094 | T32: N | U32: 0 | V32: {=IFERROR(INDEX('사용자목록'!O:O, MATCH(A32, '사용자목록'!A:A, 0)),"아이언")} -> 아이언 | W32: 30 | X32: =if(Q32<W32, "🔼", if(Q32>W32, "🔽", ""))

Sheet 전적이력
A1: # | B1: 경기날짜 | C1: 승리팀(스코어) | D1: WP | E1: 패배팀(스코어) | F1: LP | G1: 기록입력일 | H1: 시즌 | I1: 올캐릭 | J1: 승리_드루 | K1: 승리_어쎄 | L1: 승리_네크 | M1: 승리_슴딘 | N1: 패배_드루 | O1: 패배_어쎄 | P1: 패배_네크 | Q1: 패배_슴딘
A2: G260210002636 | B2: 2026-02-10 00:26 | C2: 신형만 (22)<br>박서 (-)<br>학생 (23)<br>규식 (16) | D2: 5 | E2: 깡패 (-16)<br>혀니 (-)<br>터미 (-)<br>민우 (-) | F2: 2 | G2: 46063.018 | H2: 시즌15 | I2: 깡패,신형만,학생,박서 | J2: =IFERROR(__xludf.DUMMYFUNCTION("ARRAYFORMULA(REGEXEXTRACT(SPLIT(C2, ""<br>""), ""([가-힣A-Za-z]+)""))"),"신형만") -> 신형만 | K2: =IFERROR(__xludf.DUMMYFUNCTION("""COMPUTED_VALUE"""),"박서") -> 박서 | L2: =IFERROR(__xludf.DUMMYFUNCTION("""COMPUTED_VALUE"""),"학생") -> 학생 | M2: =IFERROR(__xludf.DUMMYFUNCTION("""COMPUTED_VALUE"""),"규식") -> 규식 | N2: =IFERROR(__xludf.DUMMYFUNCTION("ARRAYFORMULA(REGEXEXTRACT(SPLIT(E2, ""<br>""), ""([가-힣A-Za-z]+)""))"),"깡패") -> 깡패 | O2: =IFERROR(__xludf.DUMMYFUNCTION("""COMPUTED_VALUE"""),"혀니") -> 혀니 | P2: =IFERROR(__xludf.DUMMYFUNCTION("""COMPUTED_VALUE"""),"터미") -> 터미 | Q2: =IFERROR(__xludf.DUMMYFUNCTION("""COMPUTED_VALUE"""),"민우") -> 민우
A3: G260209233706 | B3: 2026-02-09 23:37 | C3: 학생 (27)<br>혀니 (-)<br>테리 (18)<br>박서 (-) | D3: 5 | E3: 한메 (-)<br>깡패 (-19)<br>터미 (-)<br>신형만 (-17) | F3: 1 | G3: 46062.984 | H3: 시즌15 | I3: 깡패,신형만,학생,박서 | J3: =IFERROR(__xludf.DUMMYFUNCTION("ARRAYFORMULA(REGEXEXTRACT(SPLIT(C3, ""<br>""), ""([가-힣A-Za-z]+)""))"),"학생") -> 학생 | K3: =IFERROR(__xludf.DUMMYFUNCTION("""COMPUTED_VALUE"""),"혀니") -> 혀니 | L3: =IFERROR(__xludf.DUMMYFUNCTION("""COMPUTED_VALUE"""),"테리") -> 테리 | M3: =IFERROR(__xludf.DUMMYFUNCTION("""COMPUTED_VALUE"""),"박서") -> 박서 | N3: =IFERROR(__xludf.DUMMYFUNCTION("ARRAYFORMULA(REGEXEXTRACT(SPLIT(E3, ""<br>""), ""([가-힣A-Za-z]+)""))"),"한메") -> 한메 | O3: =IFERROR(__xludf.DUMMYFUNCTION("""COMPUTED_VALUE"""),"깡패") -> 깡패 | P3: =IFERROR(__xludf.DUMMYFUNCTION("""COMPUTED_VALUE"""),"터미") -> 터미 | Q3: =IFERROR(__xludf.DUMMYFUNCTION("""COMPUTED_VALUE"""),"신형만") -> 신형만
A4: G260209230157 | B4: 2026-02-09 23:01 | C4: 박서 (-)<br>신형만 (27)<br>학생 (29)<br>터미 (-) | D4: 5 | E4: 깡패 (-13)<br>테리 (-12)<br>한메 (-)<br>혀니 (-) | F4: 4 | G4: 46062.96 | H4: 시즌15 | I4: 깡패,신형만,학생,박서 | J4: =IFERROR(__xludf.DUMMYFUNCTION("ARRAYFORMULA(REGEXEXTRACT(SPLIT(C4, ""<br>""), ""([가-힣A-Za-z]+)""))"),"박서") -> 박서 | K4: =IFERROR(__xludf.DUMMYFUNCTION("""COMPUTED_VALUE"""),"신형만") -> 신형만 | L4: =IFERROR(__xludf.DUMMYFUNCTION("""COMPUTED_VALUE"""),"학생") -> 학생 | M4: =IFERROR(__xludf.DUMMYFUNCTION("""COMPUTED_VALUE"""),"터미") -> 터미 | N4: =IFERROR(__xludf.DUMMYFUNCTION("ARRAYFORMULA(REGEXEXTRACT(SPLIT(E4, ""<br>""), ""([가-힣A-Za-z]+)""))"),"깡패") -> 깡패 | O4: =IFERROR(__xludf.DUMMYFUNCTION("""COMPUTED_VALUE"""),"테리") -> 테리 | P4: =IFERROR(__xludf.DUMMYFUNCTION("""COMPUTED_VALUE"""),"한메") -> 한메 | Q4: =IFERROR(__xludf.DUMMYFUNCTION("""COMPUTED_VALUE"""),"혀니") -> 혀니
A5: G260209221951 | B5: 2026-02-09 22:19 | C5: 테리 (18)<br>박서 (-)<br>터미 (-)<br>한메 (-) | D5: 5 | E5: 학생 (-14)<br>깡패 (-17)<br>혀니 (-)<br>신형만 (-15) | F5: 2 | G5: 46062.931 | H5: 시즌15 | I5: 깡패,신형만,학생,박서 | J5: =IFERROR(__xludf.DUMMYFUNCTION("ARRAYFORMULA(REGEXEXTRACT(SPLIT(C5, ""<br>""), ""([가-힣A-Za-z]+)""))"),"테리") -> 테리 | K5: =IFERROR(__xludf.DUMMYFUNCTION("""COMPUTED_VALUE"""),"박서") -> 박서 | L5: =IFERROR(__xludf.DUMMYFUNCTION("""COMPUTED_VALUE"""),"터미") -> 터미 | M5: =IFERROR(__xludf.DUMMYFUNCTION("""COMPUTED_VALUE"""),"한메") -> 한메 | N5: =IFERROR(__xludf.DUMMYFUNCTION("ARRAYFORMULA(REGEXEXTRACT(SPLIT(E5, ""<br>""), ""([가-힣A-Za-z]+)""))"),"학생") -> 학생 | O5: =IFERROR(__xludf.DUMMYFUNCTION("""COMPUTED_VALUE"""),"깡패") -> 깡패 | P5: =IFERROR(__xludf.DUMMYFUNCTION("""COMPUTED_VALUE"""),"혀니") -> 혀니 | Q5: =IFERROR(__xludf.DUMMYFUNCTION("""COMPUTED_VALUE"""),"신형만") -> 신형만
A6: G260209213936 | B6: 2026-02-09 21:39 | C6: 테리 (16)<br>깡패 (16)<br>규식 (17)<br>터미 (-) | D6: 5 | E6: 박서 (-)<br>학생 (-15)<br>한메 (-)<br>기재 (-16) | F6: 1 | G6: 46062.902 | H6: 시즌15 | I6: 깡패,학생,박서 | J6: =IFERROR(__xludf.DUMMYFUNCTION("ARRAYFORMULA(REGEXEXTRACT(SPLIT(C6, ""<br>""), ""([가-힣A-Za-z]+)""))"),"테리") -> 테리 | K6: =IFERROR(__xludf.DUMMYFUNCTION("""COMPUTED_VALUE"""),"깡패") -> 깡패 | L6: =IFERROR(__xludf.DUMMYFUNCTION("""COMPUTED_VALUE"""),"규식") -> 규식 | M6: =IFERROR(__xludf.DUMMYFUNCTION("""COMPUTED_VALUE"""),"터미") -> 터미 | N6: =IFERROR(__xludf.DUMMYFUNCTION("ARRAYFORMULA(REGEXEXTRACT(SPLIT(E6, ""<br>""), ""([가-힣A-Za-z]+)""))"),"박서") -> 박서 | O6: =IFERROR(__xludf.DUMMYFUNCTION("""COMPUTED_VALUE"""),"학생") -> 학생 | P6: =IFERROR(__xludf.DUMMYFUNCTION("""COMPUTED_VALUE"""),"한메") -> 한메 | Q6: =IFERROR(__xludf.DUMMYFUNCTION("""COMPUTED_VALUE"""),"기재") -> 기재
A7: G260209211138 | B7: 2026-02-09 21:11 | C7: 깡패 (19)<br>규식 (20)<br>기재 (22)<br>한메 (-) | D7: 5 | E7: 터미 (-)<br>테리 (-15)<br>박서 (-)<br>학생 (-14) | F7: 2 | G7: 46062.883 | H7: 시즌15 | I7: 깡패,학생,박서 | J7: =IFERROR(__xludf.DUMMYFUNCTION("ARRAYFORMULA(REGEXEXTRACT(SPLIT(C7, ""<br>""), ""([가-힣A-Za-z]+)""))"),"깡패") -> 깡패 | K7: =IFERROR(__xludf.DUMMYFUNCTION("""COMPUTED_VALUE"""),"규식") -> 규식 | L7: =IFERROR(__xludf.DUMMYFUNCTION("""COMPUTED_VALUE"""),"기재") -> 기재 | M7: =IFERROR(__xludf.DUMMYFUNCTION("""COMPUTED_VALUE"""),"한메") -> 한메 | N7: =IFERROR(__xludf.DUMMYFUNCTION("ARRAYFORMULA(REGEXEXTRACT(SPLIT(E7, ""<br>""), ""([가-힣A-Za-z]+)""))"),"터미") -> 터미 | O7: =IFERROR(__xludf.DUMMYFUNCTION("""COMPUTED_VALUE"""),"테리") -> 테리 | P7: =IFERROR(__xludf.DUMMYFUNCTION("""COMPUTED_VALUE"""),"박서") -> 박서 | Q7: =IFERROR(__xludf.DUMMYFUNCTION("""COMPUTED_VALUE"""),"학생") -> 학생
A8: G260209050234 | B8: 2026-02-09 05:02 | C8: 참치 (264)<br>신형만 (25)<br>ACDC (22)<br>깡패 (21) | D8: 5 | E8: 민우 (-)<br>짱구 (-16)<br>수련 (-)<br>학생 (-18) | F8: 0 | G8: 46062.21 | H8: 시즌15 | I8: 깡패,신형만,참치,학생 | J8: =IFERROR(__xludf.DUMMYFUNCTION("ARRAYFORMULA(REGEXEXTRACT(SPLIT(C8, ""<br>""), ""([가-힣A-Za-z]+)""))"),"참치") -> 참치 | K8: =IFERROR(__xludf.DUMMYFUNCTION("""COMPUTED_VALUE"""),"신형만") -> 신형만 | L8: =IFERROR(__xludf.DUMMYFUNCTION("""COMPUTED_VALUE"""),"ACDC") -> ACDC | M8: =IFERROR(__xludf.DUMMYFUNCTION("""COMPUTED_VALUE"""),"깡패") -> 깡패 | N8: =IFERROR(__xludf.DUMMYFUNCTION("ARRAYFORMULA(REGEXEXTRACT(SPLIT(E8, ""<br>""), ""([가-힣A-Za-z]+)""))"),"민우") -> 민우 | O8: =IFERROR(__xludf.DUMMYFUNCTION("""COMPUTED_VALUE"""),"짱구") -> 짱구 | P8: =IFERROR(__xludf.DUMMYFUNCTION("""COMPUTED_VALUE"""),"수련") -> 수련 | Q8: =IFERROR(__xludf.DUMMYFUNCTION("""COMPUTED_VALUE"""),"학생") -> 학생
A9: G260209043628 | B9: 2026-02-09 04:36 | C9: ACDC (23)<br>학생 (25)<br>참치 (-)<br>민우 (-) | D9: 5 | E9: 깡패 (-11)<br>수련 (-)<br>짱구 (-10)<br>신형만 (-10) | F9: 4 | G9: 46062.192 | H9: 시즌15 | I9: 깡패,신형만,참치,학생 | J9: =IFERROR(__xludf.DUMMYFUNCTION("ARRAYFORMULA(REGEXEXTRACT(SPLIT(C9, ""<br>""), ""([가-힣A-Za-z]+)""))"),"ACDC") -> ACDC | K9: =IFERROR(__xludf.DUMMYFUNCTION("""COMPUTED_VALUE"""),"학생") -> 학생 | L9: =IFERROR(__xludf.DUMMYFUNCTION("""COMPUTED_VALUE"""),"참치") -> 참치 | M9: =IFERROR(__xludf.DUMMYFUNCTION("""COMPUTED_VALUE"""),"민우") -> 민우 | N9: =IFERROR(__xludf.DUMMYFUNCTION("ARRAYFORMULA(REGEXEXTRACT(SPLIT(E9, ""<br>""), ""([가-힣A-Za-z]+)""))"),"깡패") -> 깡패 | O9: =IFERROR(__xludf.DUMMYFUNCTION("""COMPUTED_VALUE"""),"수련") -> 수련 | P9: =IFERROR(__xludf.DUMMYFUNCTION("""COMPUTED_VALUE"""),"짱구") -> 짱구 | Q9: =IFERROR(__xludf.DUMMYFUNCTION("""COMPUTED_VALUE"""),"신형만") -> 신형만
A10: G260209010449 | B10: 2026-02-09 01:04 | C10: 참치 (-)<br>테리 (18)<br>학생 (25)<br>규식 (21) | D10: 5 | E10: 짱구 (-17)<br>깡패 (-19)<br>신형만 (-17)<br>ACDC (-16) | F10: 0 | G10: 46062.045 | H10: 시즌15 | I10: 깡패,짱구,신형만,학생,참치 | J10: =IFERROR(__xludf.DUMMYFUNCTION("ARRAYFORMULA(REGEXEXTRACT(SPLIT(C10, ""<br>""), ""([가-힣A-Za-z]+)""))"),"참치") -> 참치 | K10: =IFERROR(__xludf.DUMMYFUNCTION("""COMPUTED_VALUE"""),"테리") -> 테리 | L10: =IFERROR(__xludf.DUMMYFUNCTION("""COMPUTED_VALUE"""),"학생") -> 학생 | M10: =IFERROR(__xludf.DUMMYFUNCTION("""COMPUTED_VALUE"""),"규식") -> 규식 | N10: =IFERROR(__xludf.DUMMYFUNCTION("ARRAYFORMULA(REGEXEXTRACT(SPLIT(E10, ""<br>""), ""([가-힣A-Za-z]+)""))"),"짱구") -> 짱구 | O10: =IFERROR(__xludf.DUMMYFUNCTION("""COMPUTED_VALUE"""),"깡패") -> 깡패 | P10: =IFERROR(__xludf.DUMMYFUNCTION("""COMPUTED_VALUE"""),"신형만") -> 신형만 | Q10: =IFERROR(__xludf.DUMMYFUNCTION("""COMPUTED_VALUE"""),"ACDC") -> ACDC
A11: G260209004432 | B11: 2026-02-09 00:44 | C11: 테리 (22)<br>짱구 (32)<br>ACDC (26)<br>참치 (-) | D11: 5 | E11: 학생 (-18)<br>신형만 (-18)<br>기재 (-21)<br>깡패 (-20) | F11: 0 | G11: 46062.031 | H11: 시즌15 | I11: 깡패,짱구,신형만,학생,참치 | J11: =IFERROR(__xludf.DUMMYFUNCTION("ARRAYFORMULA(REGEXEXTRACT(SPLIT(C11, ""<br>""), ""([가-힣A-Za-z]+)""))"),"테리") -> 테리 | K11: =IFERROR(__xludf.DUMMYFUNCTION("""COMPUTED_VALUE"""),"짱구") -> 짱구 | L11: =IFERROR(__xludf.DUMMYFUNCTION("""COMPUTED_VALUE"""),"ACDC") -> ACDC | M11: =IFERROR(__xludf.DUMMYFUNCTION("""COMPUTED_VALUE"""),"참치") -> 참치 | N11: =IFERROR(__xludf.DUMMYFUNCTION("ARRAYFORMULA(REGEXEXTRACT(SPLIT(E11, ""<br>""), ""([가-힣A-Za-z]+)""))"),"학생") -> 학생 | O11: =IFERROR(__xludf.DUMMYFUNCTION("""COMPUTED_VALUE"""),"신형만") -> 신형만 | P11: =IFERROR(__xludf.DUMMYFUNCTION("""COMPUTED_VALUE"""),"기재") -> 기재 | Q11: =IFERROR(__xludf.DUMMYFUNCTION("""COMPUTED_VALUE"""),"깡패") -> 깡패
A12: G260209001550 | B12: 2026-02-09 00:15 | C12: 깡패 (23)<br>테리 (22)<br>짱구 (32)<br>신형만 (27) | D12: 5 | E12: ACDC (-17)<br>참치 (-)<br>학생 (-18)<br>기재 (192) | F12: 0 | G12: 46062.011 | H12: 시즌15 | I12: 깡패,짱구,신형만,학생,참치 | J12: =IFERROR(__xludf.DUMMYFUNCTION("ARRAYFORMULA(REGEXEXTRACT(SPLIT(C12, ""<br>""), ""([가-힣A-Za-z]+)""))"),"깡패") -> 깡패 | K12: =IFERROR(__xludf.DUMMYFUNCTION("""COMPUTED_VALUE"""),"테리") -> 테리 | L12: =IFERROR(__xludf.DUMMYFUNCTION("""COMPUTED_VALUE"""),"짱구") -> 짱구 | M12: =IFERROR(__xludf.DUMMYFUNCTION("""COMPUTED_VALUE"""),"신형만") -> 신형만 | N12: =IFERROR(__xludf.DUMMYFUNCTION("ARRAYFORMULA(REGEXEXTRACT(SPLIT(E12, ""<br>""), ""([가-힣A-Za-z]+)""))"),"ACDC") -> ACDC | O12: =IFERROR(__xludf.DUMMYFUNCTION("""COMPUTED_VALUE"""),"참치") -> 참치 | P12: =IFERROR(__xludf.DUMMYFUNCTION("""COMPUTED_VALUE"""),"학생") -> 학생 | Q12: =IFERROR(__xludf.DUMMYFUNCTION("""COMPUTED_VALUE"""),"기재") -> 기재
A13: G260208235257 | B13: 2026-02-08 23:52 | C13: 참치 (-)<br>짱구 (33)<br>테리 (23)<br>학생 (28) | D13: 5 | E13: 기재 (-)<br>깡패 (-20)<br>신형만 (-18)<br>ACDC (-17) | F13: 0 | G13: 46061.995 | H13: 시즌15 | I13: 깡패,짱구,신형만,학생,참치 | J13: =IFERROR(__xludf.DUMMYFUNCTION("ARRAYFORMULA(REGEXEXTRACT(SPLIT(C13, ""<br>""), ""([가-힣A-Za-z]+)""))"),"참치") -> 참치 | K13: =IFERROR(__xludf.DUMMYFUNCTION("""COMPUTED_VALUE"""),"짱구") -> 짱구 | L13: =IFERROR(__xludf.DUMMYFUNCTION("""COMPUTED_VALUE"""),"테리") -> 테리 | M13: =IFERROR(__xludf.DUMMYFUNCTION("""COMPUTED_VALUE"""),"학생") -> 학생 | N13: =IFERROR(__xludf.DUMMYFUNCTION("ARRAYFORMULA(REGEXEXTRACT(SPLIT(E13, ""<br>""), ""([가-힣A-Za-z]+)""))"),"기재") -> 기재 | O13: =IFERROR(__xludf.DUMMYFUNCTION("""COMPUTED_VALUE"""),"깡패") -> 깡패 | P13: =IFERROR(__xludf.DUMMYFUNCTION("""COMPUTED_VALUE"""),"신형만") -> 신형만 | Q13: =IFERROR(__xludf.DUMMYFUNCTION("""COMPUTED_VALUE"""),"ACDC") -> ACDC
A14: G260208232521 | B14: 2026-02-08 23:25 | C14: ovo (-)<br>혀니 (-)<br>원 (19)<br>깡패 (22) | D14: 5 | E14: 신형만 (-10)<br>학생 (-10)<br>웅 (-)<br>기재 (-) | F14: 4 | G14: 46061.976 | H14: 시즌15 | I14: 깡패,원,신형만,학생,웅 | J14: =IFERROR(__xludf.DUMMYFUNCTION("ARRAYFORMULA(REGEXEXTRACT(SPLIT(C14, ""<br>""), ""([가-힣A-Za-z]+)""))"),"ovo") -> ovo | K14: =IFERROR(__xludf.DUMMYFUNCTION("""COMPUTED_VALUE"""),"혀니") -> 혀니 | L14: =IFERROR(__xludf.DUMMYFUNCTION("""COMPUTED_VALUE"""),"원") -> 원 | M14: =IFERROR(__xludf.DUMMYFUNCTION("""COMPUTED_VALUE"""),"깡패") -> 깡패 | N14: =IFERROR(__xludf.DUMMYFUNCTION("ARRAYFORMULA(REGEXEXTRACT(SPLIT(E14, ""<br>""), ""([가-힣A-Za-z]+)""))"),"신형만") -> 신형만 | O14: =IFERROR(__xludf.DUMMYFUNCTION("""COMPUTED_VALUE"""),"학생") -> 학생 | P14: =IFERROR(__xludf.DUMMYFUNCTION("""COMPUTED_VALUE"""),"웅") -> 웅 | Q14: =IFERROR(__xludf.DUMMYFUNCTION("""COMPUTED_VALUE"""),"기재") -> 기재
A15: G260208225927 | B15: 2026-02-08 22:59 | C15: 테리 (23)<br>깡패 (23)<br>ovo (-)<br>신형만 (27) | D15: 5 | E15: 학생 (-14)<br>원 (-16)<br>혀니 (-)<br>웅 (-) | F15: 2 | G15: 46061.958 | H15: 시즌15 | I15: 깡패,원,신형만,학생,웅 | J15: =IFERROR(__xludf.DUMMYFUNCTION("ARRAYFORMULA(REGEXEXTRACT(SPLIT(C15, ""<br>""), ""([가-힣A-Za-z]+)""))"),"테리") -> 테리 | K15: =IFERROR(__xludf.DUMMYFUNCTION("""COMPUTED_VALUE"""),"깡패") -> 깡패 | L15: =IFERROR(__xludf.DUMMYFUNCTION("""COMPUTED_VALUE"""),"ovo") -> ovo | M15: =IFERROR(__xludf.DUMMYFUNCTION("""COMPUTED_VALUE"""),"신형만") -> 신형만 | N15: =IFERROR(__xludf.DUMMYFUNCTION("ARRAYFORMULA(REGEXEXTRACT(SPLIT(E15, ""<br>""), ""([가-힣A-Za-z]+)""))"),"학생") -> 학생 | O15: =IFERROR(__xludf.DUMMYFUNCTION("""COMPUTED_VALUE"""),"원") -> 원 | P15: =IFERROR(__xludf.DUMMYFUNCTION("""COMPUTED_VALUE"""),"혀니") -> 혀니 | Q15: =IFERROR(__xludf.DUMMYFUNCTION("""COMPUTED_VALUE"""),"웅") -> 웅
A16: G260208215520 | B16: 2026-02-08 21:55 | C16: 원 (17)<br>혀니 (-)<br>테리 (22)<br>깡패 (22) | D16: 5 | E16: 신형만 (-10)<br>학생 (-11)<br>짱구 (-9)<br>ovo (-) | F16: 4 | G16: 46061.913 | H16: 시즌15 | I16: 깡패,원,신형만,학생 | J16: =IFERROR(__xludf.DUMMYFUNCTION("ARRAYFORMULA(REGEXEXTRACT(SPLIT(C16, ""<br>""), ""([가-힣A-Za-z]+)""))"),"원") -> 원 | K16: =IFERROR(__xludf.DUMMYFUNCTION("""COMPUTED_VALUE"""),"혀니") -> 혀니 | L16: =IFERROR(__xludf.DUMMYFUNCTION("""COMPUTED_VALUE"""),"테리") -> 테리 | M16: =IFERROR(__xludf.DUMMYFUNCTION("""COMPUTED_VALUE"""),"깡패") -> 깡패 | N16: =IFERROR(__xludf.DUMMYFUNCTION("ARRAYFORMULA(REGEXEXTRACT(SPLIT(E16, ""<br>""), ""([가-힣A-Za-z]+)""))"),"신형만") -> 신형만 | O16: =IFERROR(__xludf.DUMMYFUNCTION("""COMPUTED_VALUE"""),"학생") -> 학생 | P16: =IFERROR(__xludf.DUMMYFUNCTION("""COMPUTED_VALUE"""),"짱구") -> 짱구 | Q16: =IFERROR(__xludf.DUMMYFUNCTION("""COMPUTED_VALUE"""),"ovo") -> ovo
A17: G260208210823 | B17: 2026-02-08 21:08 | C17: 학생 (23)<br>깡패 (21)<br>ovo (-)<br>원 (16) | D17: 5 | E17: 짱구 (-11)<br>테리 (-12)<br>혀니 (-)<br>신형만 (-12) | F17: 3 | G17: 46061.881 | H17: 시즌15 | I17: 깡패,원,신형만,학생 | J17: =IFERROR(__xludf.DUMMYFUNCTION("ARRAYFORMULA(REGEXEXTRACT(SPLIT(C17, ""<br>""), ""([가-힣A-Za-z]+)""))"),"학생") -> 학생 | K17: =IFERROR(__xludf.DUMMYFUNCTION("""COMPUTED_VALUE"""),"깡패") -> 깡패 | L17: =IFERROR(__xludf.DUMMYFUNCTION("""COMPUTED_VALUE"""),"ovo") -> ovo | M17: =IFERROR(__xludf.DUMMYFUNCTION("""COMPUTED_VALUE"""),"원") -> 원 | N17: =IFERROR(__xludf.DUMMYFUNCTION("ARRAYFORMULA(REGEXEXTRACT(SPLIT(E17, ""<br>""), ""([가-힣A-Za-z]+)""))"),"짱구") -> 짱구 | O17: =IFERROR(__xludf.DUMMYFUNCTION("""COMPUTED_VALUE"""),"테리") -> 테리 | P17: =IFERROR(__xludf.DUMMYFUNCTION("""COMPUTED_VALUE"""),"혀니") -> 혀니 | Q17: =IFERROR(__xludf.DUMMYFUNCTION("""COMPUTED_VALUE"""),"신형만") -> 신형만
A18: G260130213052 | B18: 2026-01-30 21:30 | C18: 참치 (-)<br>테리 (24)<br>신형만 (26)<br>ACDC (24) | D18: 5 | E18: 원 (-21)<br>학생 (-19)<br>짱구 (-17)<br>넘버 (-20) | F18: 0 | G18: 46052.897 | H18: 시즌15 | I18: 신형만,짱구,학생,원,넘버,참치 | J18: =IFERROR(__xludf.DUMMYFUNCTION("ARRAYFORMULA(REGEXEXTRACT(SPLIT(C18, ""<br>""), ""([가-힣A-Za-z]+)""))"),"참치") -> 참치 | K18: =IFERROR(__xludf.DUMMYFUNCTION("""COMPUTED_VALUE"""),"테리") -> 테리 | L18: =IFERROR(__xludf.DUMMYFUNCTION("""COMPUTED_VALUE"""),"신형만") -> 신형만 | M18: =IFERROR(__xludf.DUMMYFUNCTION("""COMPUTED_VALUE"""),"ACDC") -> ACDC | N18: =IFERROR(__xludf.DUMMYFUNCTION("ARRAYFORMULA(REGEXEXTRACT(SPLIT(E18, ""<br>""), ""([가-힣A-Za-z]+)""))"),"원") -> 원 | O18: =IFERROR(__xludf.DUMMYFUNCTION("""COMPUTED_VALUE"""),"학생") -> 학생 | P18: =IFERROR(__xludf.DUMMYFUNCTION("""COMPUTED_VALUE"""),"짱구") -> 짱구 | Q18: =IFERROR(__xludf.DUMMYFUNCTION("""COMPUTED_VALUE"""),"넘버") -> 넘버
A19: G260130211002 | B19: 2026-01-30 21:10 | C19: 짱구 (31)<br>신형만 (26)<br>테리 (23)<br>원 (360) | D19: 5 | E19: 학생 (-19)<br>규식 (-18)<br>넘버 (-20)<br>참치 (-) | F19: 0 | G19: 46052.882 | H19: 시즌15 | I19: 신형만,짱구,학생,원,넘버,참치 | J19: =IFERROR(__xludf.DUMMYFUNCTION("ARRAYFORMULA(REGEXEXTRACT(SPLIT(C19, ""<br>""), ""([가-힣A-Za-z]+)""))"),"짱구") -> 짱구 | K19: =IFERROR(__xludf.DUMMYFUNCTION("""COMPUTED_VALUE"""),"신형만") -> 신형만 | L19: =IFERROR(__xludf.DUMMYFUNCTION("""COMPUTED_VALUE"""),"테리") -> 테리 | M19: =IFERROR(__xludf.DUMMYFUNCTION("""COMPUTED_VALUE"""),"원") -> 원 | N19: =IFERROR(__xludf.DUMMYFUNCTION("ARRAYFORMULA(REGEXEXTRACT(SPLIT(E19, ""<br>""), ""([가-힣A-Za-z]+)""))"),"학생") -> 학생 | O19: =IFERROR(__xludf.DUMMYFUNCTION("""COMPUTED_VALUE"""),"규식") -> 규식 | P19: =IFERROR(__xludf.DUMMYFUNCTION("""COMPUTED_VALUE"""),"넘버") -> 넘버 | Q19: =IFERROR(__xludf.DUMMYFUNCTION("""COMPUTED_VALUE"""),"참치") -> 참치
A20: G260130204929 | B20: 2026-01-30 20:49 | C20: 원 (-)<br>테리 (22)<br>학생 (22)<br>규식 (20) | D20: 5 | E20: 넘버 (244)<br>참치 (-)<br>짱구 (-10)<br>신형만 (-11) | F20: 4 | G20: 46052.867 | H20: 시즌15 | I20: 신형만,짱구,학생,원,넘버,참치 | J20: =IFERROR(__xludf.DUMMYFUNCTION("ARRAYFORMULA(REGEXEXTRACT(SPLIT(C20, ""<br>""), ""([가-힣A-Za-z]+)""))"),"원") -> 원 | K20: =IFERROR(__xludf.DUMMYFUNCTION("""COMPUTED_VALUE"""),"테리") -> 테리 | L20: =IFERROR(__xludf.DUMMYFUNCTION("""COMPUTED_VALUE"""),"학생") -> 학생 | M20: =IFERROR(__xludf.DUMMYFUNCTION("""COMPUTED_VALUE"""),"규식") -> 규식 | N20: =IFERROR(__xludf.DUMMYFUNCTION("ARRAYFORMULA(REGEXEXTRACT(SPLIT(E20, ""<br>""), ""([가-힣A-Za-z]+)""))"),"넘버") -> 넘버 | O20: =IFERROR(__xludf.DUMMYFUNCTION("""COMPUTED_VALUE"""),"참치") -> 참치 | P20: =IFERROR(__xludf.DUMMYFUNCTION("""COMPUTED_VALUE"""),"짱구") -> 짱구 | Q20: =IFERROR(__xludf.DUMMYFUNCTION("""COMPUTED_VALUE"""),"신형만") -> 신형만
A21: G260127220153 | B21: 2026-01-27 22:01 | C21: 학생 (23)<br>규식 (20)<br>원 (-)<br>넘버 (-) | D21: 5 | E21: 테리 (-12)<br>ACDC (-12)<br>신형만 (-12)<br>참치 (-) | F21: 3 | G21: 46049.918 | H21: 시즌15 | I21: ACDC,신형만,넘버,원,학생,참치 | J21: =IFERROR(__xludf.DUMMYFUNCTION("ARRAYFORMULA(REGEXEXTRACT(SPLIT(C21, ""<br>""), ""([가-힣A-Za-z]+)""))"),"학생") -> 학생 | K21: =IFERROR(__xludf.DUMMYFUNCTION("""COMPUTED_VALUE"""),"규식") -> 규식 | L21: =IFERROR(__xludf.DUMMYFUNCTION("""COMPUTED_VALUE"""),"원") -> 원 | M21: =IFERROR(__xludf.DUMMYFUNCTION("""COMPUTED_VALUE"""),"넘버") -> 넘버 | N21: =IFERROR(__xludf.DUMMYFUNCTION("ARRAYFORMULA(REGEXEXTRACT(SPLIT(E21, ""<br>""), ""([가-힣A-Za-z]+)""))"),"테리") -> 테리 | O21: =IFERROR(__xludf.DUMMYFUNCTION("""COMPUTED_VALUE"""),"ACDC") -> ACDC | P21: =IFERROR(__xludf.DUMMYFUNCTION("""COMPUTED_VALUE"""),"신형만") -> 신형만 | Q21: =IFERROR(__xludf.DUMMYFUNCTION("""COMPUTED_VALUE"""),"참치") -> 참치
A22: G260127220038 | B22: 2026-01-27 22:00 | C22: 신형만 (23)<br>원 (-)<br>참치 (-)<br>학생 (23) | D22: 5 | E22: 넘버 (-)<br>테리 (-14)<br>오딘 (-)<br>ACDC (-14) | F22: 2 | G22: 46049.917 | H22: 시즌15 | I22: ACDC,오딘,신형만,넘버,원,학생,참치 | J22: =IFERROR(__xludf.DUMMYFUNCTION("ARRAYFORMULA(REGEXEXTRACT(SPLIT(C22, ""<br>""), ""([가-힣A-Za-z]+)""))"),"신형만") -> 신형만 | K22: =IFERROR(__xludf.DUMMYFUNCTION("""COMPUTED_VALUE"""),"원") -> 원 | L22: =IFERROR(__xludf.DUMMYFUNCTION("""COMPUTED_VALUE"""),"참치") -> 참치 | M22: =IFERROR(__xludf.DUMMYFUNCTION("""COMPUTED_VALUE"""),"학생") -> 학생 | N22: =IFERROR(__xludf.DUMMYFUNCTION("ARRAYFORMULA(REGEXEXTRACT(SPLIT(E22, ""<br>""), ""([가-힣A-Za-z]+)""))"),"넘버") -> 넘버 | O22: =IFERROR(__xludf.DUMMYFUNCTION("""COMPUTED_VALUE"""),"테리") -> 테리 | P22: =IFERROR(__xludf.DUMMYFUNCTION("""COMPUTED_VALUE"""),"오딘") -> 오딘 | Q22: =IFERROR(__xludf.DUMMYFUNCTION("""COMPUTED_VALUE"""),"ACDC") -> ACDC
A23: G260127215629 | B23: 2026-01-27 21:56 | C23: ACDC (27)<br>참치 (-)<br>테리 (23)<br>신형만 (26) | D23: 5 | E23: 원 (-)<br>넘버 (-)<br>학생 (-19)<br>오딘 (-) | F23: 0 | G23: 46049.914 | H23: 시즌15 | I23: ACDC,오딘,신형만,넘버,원,학생,참치 | J23: =IFERROR(__xludf.DUMMYFUNCTION("ARRAYFORMULA(REGEXEXTRACT(SPLIT(C23, ""<br>""), ""([가-힣A-Za-z]+)""))"),"ACDC") -> ACDC | K23: =IFERROR(__xludf.DUMMYFUNCTION("""COMPUTED_VALUE"""),"참치") -> 참치 | L23: =IFERROR(__xludf.DUMMYFUNCTION("""COMPUTED_VALUE"""),"테리") -> 테리 | M23: =IFERROR(__xludf.DUMMYFUNCTION("""COMPUTED_VALUE"""),"신형만") -> 신형만 | N23: =IFERROR(__xludf.DUMMYFUNCTION("ARRAYFORMULA(REGEXEXTRACT(SPLIT(E23, ""<br>""), ""([가-힣A-Za-z]+)""))"),"원") -> 원 | O23: =IFERROR(__xludf.DUMMYFUNCTION("""COMPUTED_VALUE"""),"넘버") -> 넘버 | P23: =IFERROR(__xludf.DUMMYFUNCTION("""COMPUTED_VALUE"""),"학생") -> 학생 | Q23: =IFERROR(__xludf.DUMMYFUNCTION("""COMPUTED_VALUE"""),"오딘") -> 오딘
A24: G260127215141 | B24: 2026-01-27 21:51 | C24: 테리 (22)<br>원 (-)<br>신형만 (25)<br>넘버 (-) | D24: 5 | E24: 학생 (-19)<br>오딘 (-)<br>참치 (-)<br>ACDC (-18) | F24: 0 | G24: 46049.91 | H24: 시즌15 | I24: ACDC,오딘,신형만,넘버,원,학생,참치 | J24: =IFERROR(__xludf.DUMMYFUNCTION("ARRAYFORMULA(REGEXEXTRACT(SPLIT(C24, ""<br>""), ""([가-힣A-Za-z]+)""))"),"테리") -> 테리 | K24: =IFERROR(__xludf.DUMMYFUNCTION("""COMPUTED_VALUE"""),"원") -> 원 | L24: =IFERROR(__xludf.DUMMYFUNCTION("""COMPUTED_VALUE"""),"신형만") -> 신형만 | M24: =IFERROR(__xludf.DUMMYFUNCTION("""COMPUTED_VALUE"""),"넘버") -> 넘버 | N24: =IFERROR(__xludf.DUMMYFUNCTION("ARRAYFORMULA(REGEXEXTRACT(SPLIT(E24, ""<br>""), ""([가-힣A-Za-z]+)""))"),"학생") -> 학생 | O24: =IFERROR(__xludf.DUMMYFUNCTION("""COMPUTED_VALUE"""),"오딘") -> 오딘 | P24: =IFERROR(__xludf.DUMMYFUNCTION("""COMPUTED_VALUE"""),"참치") -> 참치 | Q24: =IFERROR(__xludf.DUMMYFUNCTION("""COMPUTED_VALUE"""),"ACDC") -> ACDC
A25: G260121221414 | B25: 2026-01-21 22:14 | C25: ACDC (25)<br>넘버 (-)<br>학생 (22)<br>깡패 (20) | D25: 5 | E25: 테리 (-12)<br>원 (-)<br>규식 (-13)<br>한메 (-) | F25: 3 | G25: 46043.926 | H25: 시즌15 | I25: 깡패,넘버,원,ACDC,학생 | J25: =IFERROR(__xludf.DUMMYFUNCTION("ARRAYFORMULA(REGEXEXTRACT(SPLIT(C25, ""<br>""), ""([가-힣A-Za-z]+)""))"),"ACDC") -> ACDC | K25: =IFERROR(__xludf.DUMMYFUNCTION("""COMPUTED_VALUE"""),"넘버") -> 넘버 | L25: =IFERROR(__xludf.DUMMYFUNCTION("""COMPUTED_VALUE"""),"학생") -> 학생 | M25: =IFERROR(__xludf.DUMMYFUNCTION("""COMPUTED_VALUE"""),"깡패") -> 깡패 | N25: =IFERROR(__xludf.DUMMYFUNCTION("ARRAYFORMULA(REGEXEXTRACT(SPLIT(E25, ""<br>""), ""([가-힣A-Za-z]+)""))"),"테리") -> 테리 | O25: =IFERROR(__xludf.DUMMYFUNCTION("""COMPUTED_VALUE"""),"원") -> 원 | P25: =IFERROR(__xludf.DUMMYFUNCTION("""COMPUTED_VALUE"""),"규식") -> 규식 | Q25: =IFERROR(__xludf.DUMMYFUNCTION("""COMPUTED_VALUE"""),"한메") -> 한메
A26: G260121212258 | B26: 2026-01-21 21:22 | C26: 원 (-)<br>학생 (23)<br>깡패 (21)<br>한메 (-) | D26: 5 | E26: 테리 (-12)<br>넘버 (-)<br>ACDC (-12)<br>규식 (-13) | F26: 3 | G26: 46043.891 | H26: 시즌15 | I26: 깡패,넘버,원,ACDC,학생 | J26: =IFERROR(__xludf.DUMMYFUNCTION("ARRAYFORMULA(REGEXEXTRACT(SPLIT(C26, ""<br>""), ""([가-힣A-Za-z]+)""))"),"원") -> 원 | K26: =IFERROR(__xludf.DUMMYFUNCTION("""COMPUTED_VALUE"""),"학생") -> 학생 | L26: =IFERROR(__xludf.DUMMYFUNCTION("""COMPUTED_VALUE"""),"깡패") -> 깡패 | M26: =IFERROR(__xludf.DUMMYFUNCTION("""COMPUTED_VALUE"""),"한메") -> 한메 | N26: =IFERROR(__xludf.DUMMYFUNCTION("ARRAYFORMULA(REGEXEXTRACT(SPLIT(E26, ""<br>""), ""([가-힣A-Za-z]+)""))"),"테리") -> 테리 | O26: =IFERROR(__xludf.DUMMYFUNCTION("""COMPUTED_VALUE"""),"넘버") -> 넘버 | P26: =IFERROR(__xludf.DUMMYFUNCTION("""COMPUTED_VALUE"""),"ACDC") -> ACDC | Q26: =IFERROR(__xludf.DUMMYFUNCTION("""COMPUTED_VALUE"""),"규식") -> 규식
A27: G260121020028 | B27: 2026-01-21 02:00 | C27: ACDC (21)<br>깡패 (22)<br>넘버 (-)<br>짱구 (28) | D27: 5 | E27: 솔 (-)<br>학생 (-13)<br>테리 (-13)<br>신형만 (-13) | F27: 3 | G27: 46043.083 | H27: 시즌15 | I27: 깡패,넘버,신형만,솔,짱구,학생 | J27: =IFERROR(__xludf.DUMMYFUNCTION("ARRAYFORMULA(REGEXEXTRACT(SPLIT(C27, ""<br>""), ""([가-힣A-Za-z]+)""))"),"ACDC") -> ACDC | K27: =IFERROR(__xludf.DUMMYFUNCTION("""COMPUTED_VALUE"""),"깡패") -> 깡패 | L27: =IFERROR(__xludf.DUMMYFUNCTION("""COMPUTED_VALUE"""),"넘버") -> 넘버 | M27: =IFERROR(__xludf.DUMMYFUNCTION("""COMPUTED_VALUE"""),"짱구") -> 짱구 | N27: =IFERROR(__xludf.DUMMYFUNCTION("ARRAYFORMULA(REGEXEXTRACT(SPLIT(E27, ""<br>""), ""([가-힣A-Za-z]+)""))"),"솔") -> 솔 | O27: =IFERROR(__xludf.DUMMYFUNCTION("""COMPUTED_VALUE"""),"학생") -> 학생 | P27: =IFERROR(__xludf.DUMMYFUNCTION("""COMPUTED_VALUE"""),"테리") -> 테리 | Q27: =IFERROR(__xludf.DUMMYFUNCTION("""COMPUTED_VALUE"""),"신형만") -> 신형만
A28: G260121005515 | B28: 2026-01-21 00:55 | C28: 테리 (22)<br>짱구 (30)<br>솔 (-)<br>ACDC (27) | D28: 5 | E28: 학생 (-18)<br>신형만 (-18)<br>깡패 (-18)<br>넘버 (-) | F28: 1 | G28: 46043.038 | H28: 시즌15 | I28: 깡패,넘버,신형만,솔,짱구,학생,ACDC | J28: =IFERROR(__xludf.DUMMYFUNCTION("ARRAYFORMULA(REGEXEXTRACT(SPLIT(C28, ""<br>""), ""([가-힣A-Za-z]+)""))"),"테리") -> 테리 | K28: =IFERROR(__xludf.DUMMYFUNCTION("""COMPUTED_VALUE"""),"짱구") -> 짱구 | L28: =IFERROR(__xludf.DUMMYFUNCTION("""COMPUTED_VALUE"""),"솔") -> 솔 | M28: =IFERROR(__xludf.DUMMYFUNCTION("""COMPUTED_VALUE"""),"ACDC") -> ACDC | N28: =IFERROR(__xludf.DUMMYFUNCTION("ARRAYFORMULA(REGEXEXTRACT(SPLIT(E28, ""<br>""), ""([가-힣A-Za-z]+)""))"),"학생") -> 학생 | O28: =IFERROR(__xludf.DUMMYFUNCTION("""COMPUTED_VALUE"""),"신형만") -> 신형만 | P28: =IFERROR(__xludf.DUMMYFUNCTION("""COMPUTED_VALUE"""),"깡패") -> 깡패 | Q28: =IFERROR(__xludf.DUMMYFUNCTION("""COMPUTED_VALUE"""),"넘버") -> 넘버
A29: G260121002833 | B29: 2026-01-21 00:28 | C29: 깡패 (22)<br>넘버 (-)<br>ACDC (27)<br>솔 (-) | D29: 5 | E29: 신형만 (-14)<br>학생 (-14)<br>테리 (-13)<br>짱구 (-12) | F29: 3 | G29: 46043.019 | H29: 시즌15 | I29: 깡패,넘버,신형만,솔,짱구,학생,ACDC | J29: =IFERROR(__xludf.DUMMYFUNCTION("ARRAYFORMULA(REGEXEXTRACT(SPLIT(C29, ""<br>""), ""([가-힣A-Za-z]+)""))"),"깡패") -> 깡패 | K29: =IFERROR(__xludf.DUMMYFUNCTION("""COMPUTED_VALUE"""),"넘버") -> 넘버 | L29: =IFERROR(__xludf.DUMMYFUNCTION("""COMPUTED_VALUE"""),"ACDC") -> ACDC | M29: =IFERROR(__xludf.DUMMYFUNCTION("""COMPUTED_VALUE"""),"솔") -> 솔 | N29: =IFERROR(__xludf.DUMMYFUNCTION("ARRAYFORMULA(REGEXEXTRACT(SPLIT(E29, ""<br>""), ""([가-힣A-Za-z]+)""))"),"신형만") -> 신형만 | O29: =IFERROR(__xludf.DUMMYFUNCTION("""COMPUTED_VALUE"""),"학생") -> 학생 | P29: =IFERROR(__xludf.DUMMYFUNCTION("""COMPUTED_VALUE"""),"테리") -> 테리 | Q29: =IFERROR(__xludf.DUMMYFUNCTION("""COMPUTED_VALUE"""),"짱구") -> 짱구
A30: G260120234022 | B30: 2026-01-20 23:40 | C30: 학생 (21)<br>솔 (-)<br>넘버 (-)<br>원 (-) | D30: 5 | E30: 테리 (-11)<br>짱구 (-10)<br>깡패 (-12)<br>ACDC (-11) | F30: 4 | G30: 46042.986 | H30: 시즌15 | I30: 깡패,넘버,원,솔,짱구,학생,ACDC | J30: =IFERROR(__xludf.DUMMYFUNCTION("ARRAYFORMULA(REGEXEXTRACT(SPLIT(C30, ""<br>""), ""([가-힣A-Za-z]+)""))"),"학생") -> 학생 | K30: =IFERROR(__xludf.DUMMYFUNCTION("""COMPUTED_VALUE"""),"솔") -> 솔 | L30: =IFERROR(__xludf.DUMMYFUNCTION("""COMPUTED_VALUE"""),"넘버") -> 넘버 | M30: =IFERROR(__xludf.DUMMYFUNCTION("""COMPUTED_VALUE"""),"원") -> 원 | N30: =IFERROR(__xludf.DUMMYFUNCTION("ARRAYFORMULA(REGEXEXTRACT(SPLIT(E30, ""<br>""), ""([가-힣A-Za-z]+)""))"),"테리") -> 테리 | O30: =IFERROR(__xludf.DUMMYFUNCTION("""COMPUTED_VALUE"""),"짱구") -> 짱구 | P30: =IFERROR(__xludf.DUMMYFUNCTION("""COMPUTED_VALUE"""),"깡패") -> 깡패 | Q30: =IFERROR(__xludf.DUMMYFUNCTION("""COMPUTED_VALUE"""),"ACDC") -> ACDC
A31: G260120230308 | B31: 2026-01-20 23:03 | C31: 신형만 (23)<br>깡패 (21)<br>원 (-)<br>짱구 (28) | D31: 5 | E31: 솔 (-)<br>ACDC (-16)<br>테리 (-17)<br>학생 (-17) | F31: 1 | G31: 46042.96 | H31: 시즌15 | I31: 깡패,신형만,원,솔,짱구,학생,ACDC | J31: =IFERROR(__xludf.DUMMYFUNCTION("ARRAYFORMULA(REGEXEXTRACT(SPLIT(C31, ""<br>""), ""([가-힣A-Za-z]+)""))"),"신형만") -> 신형만 | K31: =IFERROR(__xludf.DUMMYFUNCTION("""COMPUTED_VALUE"""),"깡패") -> 깡패 | L31: =IFERROR(__xludf.DUMMYFUNCTION("""COMPUTED_VALUE"""),"원") -> 원 | M31: =IFERROR(__xludf.DUMMYFUNCTION("""COMPUTED_VALUE"""),"짱구") -> 짱구 | N31: =IFERROR(__xludf.DUMMYFUNCTION("ARRAYFORMULA(REGEXEXTRACT(SPLIT(E31, ""<br>""), ""([가-힣A-Za-z]+)""))"),"솔") -> 솔 | O31: =IFERROR(__xludf.DUMMYFUNCTION("""COMPUTED_VALUE"""),"ACDC") -> ACDC | P31: =IFERROR(__xludf.DUMMYFUNCTION("""COMPUTED_VALUE"""),"테리") -> 테리 | Q31: =IFERROR(__xludf.DUMMYFUNCTION("""COMPUTED_VALUE"""),"학생") -> 학생
A32: G260120222632 | B32: 2026-01-20 22:26 | C32: ACDC (27)<br>테리 (20)<br>깡패 (23)<br>원 (-) | D32: 5 | E32: 한메 (-)<br>학생 (-14)<br>신형만 (-13)<br>솔 (-) | F32: 3 | G32: 46042.935 | H32: 시즌15 | I32: 깡패,신형만,원,솔,학생,ACDC | J32: =IFERROR(__xludf.DUMMYFUNCTION("ARRAYFORMULA(REGEXEXTRACT(SPLIT(C32, ""<br>""), ""([가-힣A-Za-z]+)""))"),"ACDC") -> ACDC | K32: =IFERROR(__xludf.DUMMYFUNCTION("""COMPUTED_VALUE"""),"테리") -> 테리 | L32: =IFERROR(__xludf.DUMMYFUNCTION("""COMPUTED_VALUE"""),"깡패") -> 깡패 | M32: =IFERROR(__xludf.DUMMYFUNCTION("""COMPUTED_VALUE"""),"원") -> 원 | N32: =IFERROR(__xludf.DUMMYFUNCTION("ARRAYFORMULA(REGEXEXTRACT(SPLIT(E32, ""<br>""), ""([가-힣A-Za-z]+)""))"),"한메") -> 한메 | O32: =IFERROR(__xludf.DUMMYFUNCTION("""COMPUTED_VALUE"""),"학생") -> 학생 | P32: =IFERROR(__xludf.DUMMYFUNCTION("""COMPUTED_VALUE"""),"신형만") -> 신형만 | Q32: =IFERROR(__xludf.DUMMYFUNCTION("""COMPUTED_VALUE"""),"솔") -> 솔
A33: G260120213946 | B33: 2026-01-20 21:39 | C33: 깡패 (24)<br>넘버 (-)<br>신형만 (23)<br>ACDC (28) | D33: 5 | E33: 테리 (-15)<br>솔 (-)<br>학생 (-16)<br>한메 (-) | F33: 2 | G33: 46042.903 | H33: 시즌15 | I33: 깡패,신형만,넘버,솔,학생,ACDC | J33: =IFERROR(__xludf.DUMMYFUNCTION("ARRAYFORMULA(REGEXEXTRACT(SPLIT(C33, ""<br>""), ""([가-힣A-Za-z]+)""))"),"깡패") -> 깡패 | K33: =IFERROR(__xludf.DUMMYFUNCTION("""COMPUTED_VALUE"""),"넘버") -> 넘버 | L33: =IFERROR(__xludf.DUMMYFUNCTION("""COMPUTED_VALUE"""),"신형만") -> 신형만 | M33: =IFERROR(__xludf.DUMMYFUNCTION("""COMPUTED_VALUE"""),"ACDC") -> ACDC | N33: =IFERROR(__xludf.DUMMYFUNCTION("ARRAYFORMULA(REGEXEXTRACT(SPLIT(E33, ""<br>""), ""([가-힣A-Za-z]+)""))"),"테리") -> 테리 | O33: =IFERROR(__xludf.DUMMYFUNCTION("""COMPUTED_VALUE"""),"솔") -> 솔 | P33: =IFERROR(__xludf.DUMMYFUNCTION("""COMPUTED_VALUE"""),"학생") -> 학생 | Q33: =IFERROR(__xludf.DUMMYFUNCTION("""COMPUTED_VALUE"""),"한메") -> 한메
A34: G260120210203 | B34: 2026-01-20 21:02 | C34: ACDC (27)<br>테리 (19)<br>학생 (288)<br>신형만 (22) | D34: 5 | E34: 한메 (-)<br>깡패 (-19)<br>솔 (-)<br>넘버 (-) | F34: 0 | G34: 46042.876 | H34: 시즌15 | I34: 깡패,신형만,넘버,솔,학생,ACDC | J34: =IFERROR(__xludf.DUMMYFUNCTION("ARRAYFORMULA(REGEXEXTRACT(SPLIT(C34, ""<br>""), ""([가-힣A-Za-z]+)""))"),"ACDC") -> ACDC | K34: =IFERROR(__xludf.DUMMYFUNCTION("""COMPUTED_VALUE"""),"테리") -> 테리 | L34: =IFERROR(__xludf.DUMMYFUNCTION("""COMPUTED_VALUE"""),"학생") -> 학생 | M34: =IFERROR(__xludf.DUMMYFUNCTION("""COMPUTED_VALUE"""),"신형만") -> 신형만 | N34: =IFERROR(__xludf.DUMMYFUNCTION("ARRAYFORMULA(REGEXEXTRACT(SPLIT(E34, ""<br>""), ""([가-힣A-Za-z]+)""))"),"한메") -> 한메 | O34: =IFERROR(__xludf.DUMMYFUNCTION("""COMPUTED_VALUE"""),"깡패") -> 깡패 | P34: =IFERROR(__xludf.DUMMYFUNCTION("""COMPUTED_VALUE"""),"솔") -> 솔 | Q34: =IFERROR(__xludf.DUMMYFUNCTION("""COMPUTED_VALUE"""),"넘버") -> 넘버
A35: G260120204202 | B35: 2026-01-20 20:41 | C35: 학생 (-)<br>신형만 (22)<br>깡패 (21)<br>한메 (-) | D35: 5 | E35: 넘버 (-)<br>솔 (-)<br>테리 (-11)<br>ACDC (-10) | F35: 4 | G35: 46042.863 | H35: 시즌15 | I35: 깡패,신형만,넘버,솔,학생,ACDC | J35: =IFERROR(__xludf.DUMMYFUNCTION("ARRAYFORMULA(REGEXEXTRACT(SPLIT(C35, ""<br>""), ""([가-힣A-Za-z]+)""))"),"학생") -> 학생 | K35: =IFERROR(__xludf.DUMMYFUNCTION("""COMPUTED_VALUE"""),"신형만") -> 신형만 | L35: =IFERROR(__xludf.DUMMYFUNCTION("""COMPUTED_VALUE"""),"깡패") -> 깡패 | M35: =IFERROR(__xludf.DUMMYFUNCTION("""COMPUTED_VALUE"""),"한메") -> 한메 | N35: =IFERROR(__xludf.DUMMYFUNCTION("ARRAYFORMULA(REGEXEXTRACT(SPLIT(E35, ""<br>""), ""([가-힣A-Za-z]+)""))"),"넘버") -> 넘버 | O35: =IFERROR(__xludf.DUMMYFUNCTION("""COMPUTED_VALUE"""),"솔") -> 솔 | P35: =IFERROR(__xludf.DUMMYFUNCTION("""COMPUTED_VALUE"""),"테리") -> 테리 | Q35: =IFERROR(__xludf.DUMMYFUNCTION("""COMPUTED_VALUE"""),"ACDC") -> ACDC
A36: G260114231046 | B36: 2026-01-14 23:10 | C36: 테리 (19)<br>신형만 (24)<br>규식 (17)<br>솔 (-) | D36: 5 | E36: 짱구 (-10)<br>깡패 (-12)<br>ACDC (-11)<br>학생 (-) | F36: 4 | G36: 46036.966 | H36: 시즌15 | I36: 신형만,짱구,학생,깡패,ACDC,솔 | J36: =IFERROR(__xludf.DUMMYFUNCTION("ARRAYFORMULA(REGEXEXTRACT(SPLIT(C36, ""<br>""), ""([가-힣A-Za-z]+)""))"),"테리") -> 테리 | K36: =IFERROR(__xludf.DUMMYFUNCTION("""COMPUTED_VALUE"""),"신형만") -> 신형만 | L36: =IFERROR(__xludf.DUMMYFUNCTION("""COMPUTED_VALUE"""),"규식") -> 규식 | M36: =IFERROR(__xludf.DUMMYFUNCTION("""COMPUTED_VALUE"""),"솔") -> 솔 | N36: =IFERROR(__xludf.DUMMYFUNCTION("ARRAYFORMULA(REGEXEXTRACT(SPLIT(E36, ""<br>""), ""([가-힣A-Za-z]+)""))"),"짱구") -> 짱구 | O36: =IFERROR(__xludf.DUMMYFUNCTION("""COMPUTED_VALUE"""),"깡패") -> 깡패 | P36: =IFERROR(__xludf.DUMMYFUNCTION("""COMPUTED_VALUE"""),"ACDC") -> ACDC | Q36: =IFERROR(__xludf.DUMMYFUNCTION("""COMPUTED_VALUE"""),"학생") -> 학생
A37: G260114230908 | B37: 2026-01-14 23:09 | C37: 신형만 (23)<br>테리 (18)<br>넘버 (-)<br>ACDC (25) | D37: 5 | E37: 솔 (-)<br>학생 (-)<br>짱구 (-18)<br>규식 (308) | F37: 0 | G37: 46036.965 | H37: 시즌15 | I37: 신형만,짱구,학생,넘버,ACDC,솔 | J37: =IFERROR(__xludf.DUMMYFUNCTION("ARRAYFORMULA(REGEXEXTRACT(SPLIT(C37, ""<br>""), ""([가-힣A-Za-z]+)""))"),"신형만") -> 신형만 | K37: =IFERROR(__xludf.DUMMYFUNCTION("""COMPUTED_VALUE"""),"테리") -> 테리 | L37: =IFERROR(__xludf.DUMMYFUNCTION("""COMPUTED_VALUE"""),"넘버") -> 넘버 | M37: =IFERROR(__xludf.DUMMYFUNCTION("""COMPUTED_VALUE"""),"ACDC") -> ACDC | N37: =IFERROR(__xludf.DUMMYFUNCTION("ARRAYFORMULA(REGEXEXTRACT(SPLIT(E37, ""<br>""), ""([가-힣A-Za-z]+)""))"),"솔") -> 솔 | O37: =IFERROR(__xludf.DUMMYFUNCTION("""COMPUTED_VALUE"""),"학생") -> 학생 | P37: =IFERROR(__xludf.DUMMYFUNCTION("""COMPUTED_VALUE"""),"짱구") -> 짱구 | Q37: =IFERROR(__xludf.DUMMYFUNCTION("""COMPUTED_VALUE"""),"규식") -> 규식
A38: G260114230641 | B38: 2026-01-14 23:06 | C38: 테리 (17)<br>규식 (-)<br>ACDC (24)<br>짱구 (23) | D38: 5 | E38: 학생 (-)<br>신형만 (-13)<br>솔 (-)<br>넘버 (-) | F38: 3 | G38: 46036.963 | H38: 시즌15 | I38: 신형만,짱구,학생,넘버,ACDC,솔 | J38: =IFERROR(__xludf.DUMMYFUNCTION("ARRAYFORMULA(REGEXEXTRACT(SPLIT(C38, ""<br>""), ""([가-힣A-Za-z]+)""))"),"테리") -> 테리 | K38: =IFERROR(__xludf.DUMMYFUNCTION("""COMPUTED_VALUE"""),"규식") -> 규식 | L38: =IFERROR(__xludf.DUMMYFUNCTION("""COMPUTED_VALUE"""),"ACDC") -> ACDC | M38: =IFERROR(__xludf.DUMMYFUNCTION("""COMPUTED_VALUE"""),"짱구") -> 짱구 | N38: =IFERROR(__xludf.DUMMYFUNCTION("ARRAYFORMULA(REGEXEXTRACT(SPLIT(E38, ""<br>""), ""([가-힣A-Za-z]+)""))"),"학생") -> 학생 | O38: =IFERROR(__xludf.DUMMYFUNCTION("""COMPUTED_VALUE"""),"신형만") -> 신형만 | P38: =IFERROR(__xludf.DUMMYFUNCTION("""COMPUTED_VALUE"""),"솔") -> 솔 | Q38: =IFERROR(__xludf.DUMMYFUNCTION("""COMPUTED_VALUE"""),"넘버") -> 넘버
A39: G251210212447 | B39: 2025-12-10 21:24 | C39: 테리 (19)<br>학생 (-)<br>한메 (-)<br>신형만 (23) | D39: 5 | E39: 노인 (-)<br>오딘 (-)<br>규식 (-)<br>깡패 (-12) | F39: 4 | G39: 46001.892 | H39: 시즌15 | I39: 깡패,신형만,학생 | J39: =IFERROR(__xludf.DUMMYFUNCTION("ARRAYFORMULA(REGEXEXTRACT(SPLIT(C39, ""<br>""), ""([가-힣A-Za-z]+)""))"),"테리") -> 테리 | K39: =IFERROR(__xludf.DUMMYFUNCTION("""COMPUTED_VALUE"""),"학생") -> 학생 | L39: =IFERROR(__xludf.DUMMYFUNCTION("""COMPUTED_VALUE"""),"한메") -> 한메 | M39: =IFERROR(__xludf.DUMMYFUNCTION("""COMPUTED_VALUE"""),"신형만") -> 신형만 | N39: =IFERROR(__xludf.DUMMYFUNCTION("ARRAYFORMULA(REGEXEXTRACT(SPLIT(E39, ""<br>""), ""([가-힣A-Za-z]+)""))"),"노인") -> 노인 | O39: =IFERROR(__xludf.DUMMYFUNCTION("""COMPUTED_VALUE"""),"오딘") -> 오딘 | P39: =IFERROR(__xludf.DUMMYFUNCTION("""COMPUTED_VALUE"""),"규식") -> 규식 | Q39: =IFERROR(__xludf.DUMMYFUNCTION("""COMPUTED_VALUE"""),"깡패") -> 깡패
A40: G251210203915 | B40: 2025-12-10 20:39 | C40: 학생 (-)<br>깡패 (20)<br>테리 (20)<br>오딘 (-) | D40: 5 | E40: 한메 (-)<br>신형만 (-14)<br>노인 (-)<br>규식 (-) | F40: 2 | G40: 46001.86 | H40: 시즌15 | I40: 깡패,신형만,학생 | J40: =IFERROR(__xludf.DUMMYFUNCTION("ARRAYFORMULA(REGEXEXTRACT(SPLIT(C40, ""<br>""), ""([가-힣A-Za-z]+)""))"),"학생") -> 학생 | K40: =IFERROR(__xludf.DUMMYFUNCTION("""COMPUTED_VALUE"""),"깡패") -> 깡패 | L40: =IFERROR(__xludf.DUMMYFUNCTION("""COMPUTED_VALUE"""),"테리") -> 테리 | M40: =IFERROR(__xludf.DUMMYFUNCTION("""COMPUTED_VALUE"""),"오딘") -> 오딘 | N40: =IFERROR(__xludf.DUMMYFUNCTION("ARRAYFORMULA(REGEXEXTRACT(SPLIT(E40, ""<br>""), ""([가-힣A-Za-z]+)""))"),"한메") -> 한메 | O40: =IFERROR(__xludf.DUMMYFUNCTION("""COMPUTED_VALUE"""),"신형만") -> 신형만 | P40: =IFERROR(__xludf.DUMMYFUNCTION("""COMPUTED_VALUE"""),"노인") -> 노인 | Q40: =IFERROR(__xludf.DUMMYFUNCTION("""COMPUTED_VALUE"""),"규식") -> 규식
A41: G251208223057 | B41: 2025-12-08 22:30 | C41: 노인 (-)<br>신형만 (25)<br>한메 (-)<br>원 (-) | D41: 5 | E41: 깡패 (-14)<br>테리 (-13)<br>기재 (-)<br>ACDC (-13) | F41: 3 | G41: 45999.938 | H41: 시즌15 | I41: 깡패,신형만,원,ACDC | J41: =IFERROR(__xludf.DUMMYFUNCTION("ARRAYFORMULA(REGEXEXTRACT(SPLIT(C41, ""<br>""), ""([가-힣A-Za-z]+)""))"),"노인") -> 노인 | K41: =IFERROR(__xludf.DUMMYFUNCTION("""COMPUTED_VALUE"""),"신형만") -> 신형만 | L41: =IFERROR(__xludf.DUMMYFUNCTION("""COMPUTED_VALUE"""),"한메") -> 한메 | M41: =IFERROR(__xludf.DUMMYFUNCTION("""COMPUTED_VALUE"""),"원") -> 원 | N41: =IFERROR(__xludf.DUMMYFUNCTION("ARRAYFORMULA(REGEXEXTRACT(SPLIT(E41, ""<br>""), ""([가-힣A-Za-z]+)""))"),"깡패") -> 깡패 | O41: =IFERROR(__xludf.DUMMYFUNCTION("""COMPUTED_VALUE"""),"테리") -> 테리 | P41: =IFERROR(__xludf.DUMMYFUNCTION("""COMPUTED_VALUE"""),"기재") -> 기재 | Q41: =IFERROR(__xludf.DUMMYFUNCTION("""COMPUTED_VALUE"""),"ACDC") -> ACDC
A42: G251208213848 | B42: 2025-12-08 21:38 | C42: 원 (-)<br>깡패 (20)<br>ACDC (26)<br>신형만 (168) | D42: 5 | E42: 기재 (-)<br>짱구 (-13)<br>테리 (-13)<br>한메 (-) | F42: 3 | G42: 45999.902 | H42: 시즌15 | I42: 깡패,신형만,원,ACDC | J42: =IFERROR(__xludf.DUMMYFUNCTION("ARRAYFORMULA(REGEXEXTRACT(SPLIT(C42, ""<br>""), ""([가-힣A-Za-z]+)""))"),"원") -> 원 | K42: =IFERROR(__xludf.DUMMYFUNCTION("""COMPUTED_VALUE"""),"깡패") -> 깡패 | L42: =IFERROR(__xludf.DUMMYFUNCTION("""COMPUTED_VALUE"""),"ACDC") -> ACDC | M42: =IFERROR(__xludf.DUMMYFUNCTION("""COMPUTED_VALUE"""),"신형만") -> 신형만 | N42: =IFERROR(__xludf.DUMMYFUNCTION("ARRAYFORMULA(REGEXEXTRACT(SPLIT(E42, ""<br>""), ""([가-힣A-Za-z]+)""))"),"기재") -> 기재 | O42: =IFERROR(__xludf.DUMMYFUNCTION("""COMPUTED_VALUE"""),"짱구") -> 짱구 | P42: =IFERROR(__xludf.DUMMYFUNCTION("""COMPUTED_VALUE"""),"테리") -> 테리 | Q42: =IFERROR(__xludf.DUMMYFUNCTION("""COMPUTED_VALUE"""),"한메") -> 한메
A43: G251203014255 | B43: 2025-12-03 01:42 | C43: 깡패 (47)<br>학생 (-)<br>짱구 (39)<br>규식 (-) | D43: 5 | E43: 신형만 (-)<br>참치 (-)<br>테리 (-4)<br>ovo (-) | F43: 4 | G43: 45994.072 | H43: 시즌15 | I43: 깡패,신형만,참치 | J43: =IFERROR(__xludf.DUMMYFUNCTION("ARRAYFORMULA(REGEXEXTRACT(SPLIT(C43, ""<br>""), ""([가-힣A-Za-z]+)""))"),"깡패") -> 깡패 | K43: =IFERROR(__xludf.DUMMYFUNCTION("""COMPUTED_VALUE"""),"학생") -> 학생 | L43: =IFERROR(__xludf.DUMMYFUNCTION("""COMPUTED_VALUE"""),"짱구") -> 짱구 | M43: =IFERROR(__xludf.DUMMYFUNCTION("""COMPUTED_VALUE"""),"규식") -> 규식 | N43: =IFERROR(__xludf.DUMMYFUNCTION("ARRAYFORMULA(REGEXEXTRACT(SPLIT(E43, ""<br>""), ""([가-힣A-Za-z]+)""))"),"신형만") -> 신형만 | O43: =IFERROR(__xludf.DUMMYFUNCTION("""COMPUTED_VALUE"""),"참치") -> 참치 | P43: =IFERROR(__xludf.DUMMYFUNCTION("""COMPUTED_VALUE"""),"테리") -> 테리 | Q43: =IFERROR(__xludf.DUMMYFUNCTION("""COMPUTED_VALUE"""),"ovo") -> ovo
A44: G251203004539 | B44: 2025-12-03 00:45 | C44: 테리 (39)<br>깡패 (47)<br>학생 (-)<br>ACDC (47) | D44: 5 | E44: ovo (-)<br>규식 (-)<br>신형만 (-)<br>짱구 (200) | F44: 3 | G44: 45994.032 | H44: 시즌15 | I44: 깡패,신형만,ACDC | J44: =IFERROR(__xludf.DUMMYFUNCTION("ARRAYFORMULA(REGEXEXTRACT(SPLIT(C44, ""<br>""), ""([가-힣A-Za-z]+)""))"),"테리") -> 테리 | K44: =IFERROR(__xludf.DUMMYFUNCTION("""COMPUTED_VALUE"""),"깡패") -> 깡패 | L44: =IFERROR(__xludf.DUMMYFUNCTION("""COMPUTED_VALUE"""),"학생") -> 학생 | M44: =IFERROR(__xludf.DUMMYFUNCTION("""COMPUTED_VALUE"""),"ACDC") -> ACDC | N44: =IFERROR(__xludf.DUMMYFUNCTION("ARRAYFORMULA(REGEXEXTRACT(SPLIT(E44, ""<br>""), ""([가-힣A-Za-z]+)""))"),"ovo") -> ovo | O44: =IFERROR(__xludf.DUMMYFUNCTION("""COMPUTED_VALUE"""),"규식") -> 규식 | P44: =IFERROR(__xludf.DUMMYFUNCTION("""COMPUTED_VALUE"""),"신형만") -> 신형만 | Q44: =IFERROR(__xludf.DUMMYFUNCTION("""COMPUTED_VALUE"""),"짱구") -> 짱구
A45: G251202230058 | B45: 2025-12-02 23:00 | C45: 신형만 (-)<br>참치 (-)<br>원 (-)<br>학생 (-) | D45: 5 | E45: 깡패 (288)<br>규식 (-)<br>기재 (-)<br>ACDC (-6) | F45: 1 | G45: 45993.959 | H45: 시즌15 | I45: 깡패,신형만,참치,원,ACDC | J45: =IFERROR(__xludf.DUMMYFUNCTION("ARRAYFORMULA(REGEXEXTRACT(SPLIT(C45, ""<br>""), ""([가-힣A-Za-z]+)""))"),"신형만") -> 신형만 | K45: =IFERROR(__xludf.DUMMYFUNCTION("""COMPUTED_VALUE"""),"참치") -> 참치 | L45: =IFERROR(__xludf.DUMMYFUNCTION("""COMPUTED_VALUE"""),"원") -> 원 | M45: =IFERROR(__xludf.DUMMYFUNCTION("""COMPUTED_VALUE"""),"학생") -> 학생 | N45: =IFERROR(__xludf.DUMMYFUNCTION("ARRAYFORMULA(REGEXEXTRACT(SPLIT(E45, ""<br>""), ""([가-힣A-Za-z]+)""))"),"깡패") -> 깡패 | O45: =IFERROR(__xludf.DUMMYFUNCTION("""COMPUTED_VALUE"""),"규식") -> 규식 | P45: =IFERROR(__xludf.DUMMYFUNCTION("""COMPUTED_VALUE"""),"기재") -> 기재 | Q45: =IFERROR(__xludf.DUMMYFUNCTION("""COMPUTED_VALUE"""),"ACDC") -> ACDC
A46: G251202223702 | B46: 2025-12-02 22:36 | C46: 기재 (-)<br>학생 (-)<br>신형만 (-)<br>깡패 (-) | D46: 5 | E46: 참치 (-)<br>테리 (-4)<br>ACDC (156)<br>원 (-) | F46: 3 | G46: 45993.942 | H46: 시즌15 | I46: 깡패,신형만,참치,원,ACDC | J46: =IFERROR(__xludf.DUMMYFUNCTION("ARRAYFORMULA(REGEXEXTRACT(SPLIT(C46, ""<br>""), ""([가-힣A-Za-z]+)""))"),"기재") -> 기재 | K46: =IFERROR(__xludf.DUMMYFUNCTION("""COMPUTED_VALUE"""),"학생") -> 학생 | L46: =IFERROR(__xludf.DUMMYFUNCTION("""COMPUTED_VALUE"""),"신형만") -> 신형만 | M46: =IFERROR(__xludf.DUMMYFUNCTION("""COMPUTED_VALUE"""),"깡패") -> 깡패 | N46: =IFERROR(__xludf.DUMMYFUNCTION("ARRAYFORMULA(REGEXEXTRACT(SPLIT(E46, ""<br>""), ""([가-힣A-Za-z]+)""))"),"참치") -> 참치 | O46: =IFERROR(__xludf.DUMMYFUNCTION("""COMPUTED_VALUE"""),"테리") -> 테리 | P46: =IFERROR(__xludf.DUMMYFUNCTION("""COMPUTED_VALUE"""),"ACDC") -> ACDC | Q46: =IFERROR(__xludf.DUMMYFUNCTION("""COMPUTED_VALUE"""),"원") -> 원
A47: G251202214936 | B47: 2025-12-02 21:49 | C47: 깡패 (-)<br>참치 (-)<br>테리 (240)<br>신형만 (-) | D47: 5 | E47: 원 (-)<br>ACDC (-)<br>기재 (-)<br>학생 (-) | F47: 3 | G47: 45993.909 | H47: 시즌15 | I47: 깡패,신형만,참치,원,ACDC | J47: =IFERROR(__xludf.DUMMYFUNCTION("ARRAYFORMULA(REGEXEXTRACT(SPLIT(C47, ""<br>""), ""([가-힣A-Za-z]+)""))"),"깡패") -> 깡패 | K47: =IFERROR(__xludf.DUMMYFUNCTION("""COMPUTED_VALUE"""),"참치") -> 참치 | L47: =IFERROR(__xludf.DUMMYFUNCTION("""COMPUTED_VALUE"""),"테리") -> 테리 | M47: =IFERROR(__xludf.DUMMYFUNCTION("""COMPUTED_VALUE"""),"신형만") -> 신형만 | N47: =IFERROR(__xludf.DUMMYFUNCTION("ARRAYFORMULA(REGEXEXTRACT(SPLIT(E47, ""<br>""), ""([가-힣A-Za-z]+)""))"),"원") -> 원 | O47: =IFERROR(__xludf.DUMMYFUNCTION("""COMPUTED_VALUE"""),"ACDC") -> ACDC | P47: =IFERROR(__xludf.DUMMYFUNCTION("""COMPUTED_VALUE"""),"기재") -> 기재 | Q47: =IFERROR(__xludf.DUMMYFUNCTION("""COMPUTED_VALUE"""),"학생") -> 학생
A48: G251202210700 | B48: 2025-12-02 21:06 | C48: 참치 (-)<br>깡패 (-)<br>원 (-)<br>ACDC (-) | D48: 5 | E48: 테리 (-)<br>학생 (-)<br>신형만 (-)<br>기재 (-) | F48: 1 | G48: 45993.88 | H48: 시즌15 | I48: 깡패,신형만,참치,원,ACDC | J48: =IFERROR(__xludf.DUMMYFUNCTION("ARRAYFORMULA(REGEXEXTRACT(SPLIT(C48, ""<br>""), ""([가-힣A-Za-z]+)""))"),"참치") -> 참치 | K48: =IFERROR(__xludf.DUMMYFUNCTION("""COMPUTED_VALUE"""),"깡패") -> 깡패 | L48: =IFERROR(__xludf.DUMMYFUNCTION("""COMPUTED_VALUE"""),"원") -> 원 | M48: =IFERROR(__xludf.DUMMYFUNCTION("""COMPUTED_VALUE"""),"ACDC") -> ACDC | N48: =IFERROR(__xludf.DUMMYFUNCTION("ARRAYFORMULA(REGEXEXTRACT(SPLIT(E48, ""<br>""), ""([가-힣A-Za-z]+)""))"),"테리") -> 테리 | O48: =IFERROR(__xludf.DUMMYFUNCTION("""COMPUTED_VALUE"""),"학생") -> 학생 | P48: =IFERROR(__xludf.DUMMYFUNCTION("""COMPUTED_VALUE"""),"신형만") -> 신형만 | Q48: =IFERROR(__xludf.DUMMYFUNCTION("""COMPUTED_VALUE"""),"기재") -> 기재
A49: G251126211522 | B49: 2025-11-26 21:15 | C49: 테리 (-)<br>신형만 (-)<br>깡패 (-)<br>규식 (-) | D49: 5 | E49: ACDC (-)<br>짱구 (-)<br>노인 (-)<br>노픽업 (-) | F49: 2 | G49: 45987.885 | H49: 시즌15 | I49: 깡패,ACDC,신형만 | J49: =IFERROR(__xludf.DUMMYFUNCTION("ARRAYFORMULA(REGEXEXTRACT(SPLIT(C49, ""<br>""), ""([가-힣A-Za-z]+)""))"),"테리") -> 테리 | K49: =IFERROR(__xludf.DUMMYFUNCTION("""COMPUTED_VALUE"""),"신형만") -> 신형만 | L49: =IFERROR(__xludf.DUMMYFUNCTION("""COMPUTED_VALUE"""),"깡패") -> 깡패 | M49: =IFERROR(__xludf.DUMMYFUNCTION("""COMPUTED_VALUE"""),"규식") -> 규식 | N49: =IFERROR(__xludf.DUMMYFUNCTION("ARRAYFORMULA(REGEXEXTRACT(SPLIT(E49, ""<br>""), ""([가-힣A-Za-z]+)""))"),"ACDC") -> ACDC | O49: =IFERROR(__xludf.DUMMYFUNCTION("""COMPUTED_VALUE"""),"짱구") -> 짱구 | P49: =IFERROR(__xludf.DUMMYFUNCTION("""COMPUTED_VALUE"""),"노인") -> 노인 | Q49: =IFERROR(__xludf.DUMMYFUNCTION("""COMPUTED_VALUE"""),"노픽업") -> 노픽업
A50: G251126203634 | B50: 2025-11-26 20:36 | C50: 노인 (-)<br>규식 (-)<br>넘버 (-)<br>깡패 (-) | D50: 5 | E50: 테리 (-)<br>신형만 (-)<br>ACDC (-)<br>짱구 (-) | F50: 3 | G50: 45987.858 | H50: 시즌15 | I50: 깡패,신형만,ACDC,넘버 | J50: =IFERROR(__xludf.DUMMYFUNCTION("ARRAYFORMULA(REGEXEXTRACT(SPLIT(C50, ""<br>""), ""([가-힣A-Za-z]+)""))"),"노인") -> 노인 | K50: =IFERROR(__xludf.DUMMYFUNCTION("""COMPUTED_VALUE"""),"규식") -> 규식 | L50: =IFERROR(__xludf.DUMMYFUNCTION("""COMPUTED_VALUE"""),"넘버") -> 넘버 | M50: =IFERROR(__xludf.DUMMYFUNCTION("""COMPUTED_VALUE"""),"깡패") -> 깡패 | N50: =IFERROR(__xludf.DUMMYFUNCTION("ARRAYFORMULA(REGEXEXTRACT(SPLIT(E50, ""<br>""), ""([가-힣A-Za-z]+)""))"),"테리") -> 테리 | O50: =IFERROR(__xludf.DUMMYFUNCTION("""COMPUTED_VALUE"""),"신형만") -> 신형만 | P50: =IFERROR(__xludf.DUMMYFUNCTION("""COMPUTED_VALUE"""),"ACDC") -> ACDC | Q50: =IFERROR(__xludf.DUMMYFUNCTION("""COMPUTED_VALUE"""),"짱구") -> 짱구
A51: G251126010023 | B51: 2025-11-26 01:00 | C51: 테리 (-)<br>넘버 (-)<br>짱구 (-)<br>깡패 (-) | D51: 5 | E51: 신형만 (-)<br>학생 (-)<br>ACDC (-)<br>ovo (-) | F51: 1 | G51: 45987.042 | H51: 시즌15 | I51: 신형만,깡패,ACDC,넘버 | J51: =IFERROR(__xludf.DUMMYFUNCTION("ARRAYFORMULA(REGEXEXTRACT(SPLIT(C51, ""<br>""), ""([가-힣A-Za-z]+)""))"),"테리") -> 테리 | K51: =IFERROR(__xludf.DUMMYFUNCTION("""COMPUTED_VALUE"""),"넘버") -> 넘버 | L51: =IFERROR(__xludf.DUMMYFUNCTION("""COMPUTED_VALUE"""),"짱구") -> 짱구 | M51: =IFERROR(__xludf.DUMMYFUNCTION("""COMPUTED_VALUE"""),"깡패") -> 깡패 | N51: =IFERROR(__xludf.DUMMYFUNCTION("ARRAYFORMULA(REGEXEXTRACT(SPLIT(E51, ""<br>""), ""([가-힣A-Za-z]+)""))"),"신형만") -> 신형만 | O51: =IFERROR(__xludf.DUMMYFUNCTION("""COMPUTED_VALUE"""),"학생") -> 학생 | P51: =IFERROR(__xludf.DUMMYFUNCTION("""COMPUTED_VALUE"""),"ACDC") -> ACDC | Q51: =IFERROR(__xludf.DUMMYFUNCTION("""COMPUTED_VALUE"""),"ovo") -> ovo
A52: G251126003556 | B52: 2025-11-26 00:35 | C52: ovo (-)<br>짱구 (-)<br>테리 (-)<br>ACDC (-) | D52: 5 | E52: 넘버 (-)<br>깡패 (-)<br>학생 (-)<br>신형만 (-) | F52: 4 | G52: 45987.025 | H52: 시즌15 | I52: 신형만,깡패,ACDC,넘버 | J52: =IFERROR(__xludf.DUMMYFUNCTION("ARRAYFORMULA(REGEXEXTRACT(SPLIT(C52, ""<br>""), ""([가-힣A-Za-z]+)""))"),"ovo") -> ovo | K52: =IFERROR(__xludf.DUMMYFUNCTION("""COMPUTED_VALUE"""),"짱구") -> 짱구 | L52: =IFERROR(__xludf.DUMMYFUNCTION("""COMPUTED_VALUE"""),"테리") -> 테리 | M52: =IFERROR(__xludf.DUMMYFUNCTION("""COMPUTED_VALUE"""),"ACDC") -> ACDC | N52: =IFERROR(__xludf.DUMMYFUNCTION("ARRAYFORMULA(REGEXEXTRACT(SPLIT(E52, ""<br>""), ""([가-힣A-Za-z]+)""))"),"넘버") -> 넘버 | O52: =IFERROR(__xludf.DUMMYFUNCTION("""COMPUTED_VALUE"""),"깡패") -> 깡패 | P52: =IFERROR(__xludf.DUMMYFUNCTION("""COMPUTED_VALUE"""),"학생") -> 학생 | Q52: =IFERROR(__xludf.DUMMYFUNCTION("""COMPUTED_VALUE"""),"신형만") -> 신형만
A53: G251125231444 | B53: 2025-11-25 23:14 | C53: 기재 (-)<br>짱구 (-)<br>ACDC (-)<br>규식 (-) | D53: 5 | E53: 유즈 (-)<br>넘버 (-)<br>학생 (-)<br>신형만 (-) | F53: 1 | G53: 45986.968 | H53: 시즌15 | I53: 신형만,ACDC,넘버 | J53: =IFERROR(__xludf.DUMMYFUNCTION("ARRAYFORMULA(REGEXEXTRACT(SPLIT(C53, ""<br>""), ""([가-힣A-Za-z]+)""))"),"기재") -> 기재 | K53: =IFERROR(__xludf.DUMMYFUNCTION("""COMPUTED_VALUE"""),"짱구") -> 짱구 | L53: =IFERROR(__xludf.DUMMYFUNCTION("""COMPUTED_VALUE"""),"ACDC") -> ACDC | M53: =IFERROR(__xludf.DUMMYFUNCTION("""COMPUTED_VALUE"""),"규식") -> 규식 | N53: =IFERROR(__xludf.DUMMYFUNCTION("ARRAYFORMULA(REGEXEXTRACT(SPLIT(E53, ""<br>""), ""([가-힣A-Za-z]+)""))"),"유즈") -> 유즈 | O53: =IFERROR(__xludf.DUMMYFUNCTION("""COMPUTED_VALUE"""),"넘버") -> 넘버 | P53: =IFERROR(__xludf.DUMMYFUNCTION("""COMPUTED_VALUE"""),"학생") -> 학생 | Q53: =IFERROR(__xludf.DUMMYFUNCTION("""COMPUTED_VALUE"""),"신형만") -> 신형만
A54: G251125224419 | B54: 2025-11-25 22:44 | C54: ACDC (-)<br>신형만 (-)<br>규식 (-)<br>학생 (-) | D54: 5 | E54: 테리 (-)<br>유즈 (-)<br>기재 (-)<br>짱구 (-) | F54: 2 | G54: 45986.947 | H54: 시즌15 | I54: 신형만,ACDC | J54: =IFERROR(__xludf.DUMMYFUNCTION("ARRAYFORMULA(REGEXEXTRACT(SPLIT(C54, ""<br>""), ""([가-힣A-Za-z]+)""))"),"ACDC") -> ACDC | K54: =IFERROR(__xludf.DUMMYFUNCTION("""COMPUTED_VALUE"""),"신형만") -> 신형만 | L54: =IFERROR(__xludf.DUMMYFUNCTION("""COMPUTED_VALUE"""),"규식") -> 규식 | M54: =IFERROR(__xludf.DUMMYFUNCTION("""COMPUTED_VALUE"""),"학생") -> 학생 | N54: =IFERROR(__xludf.DUMMYFUNCTION("ARRAYFORMULA(REGEXEXTRACT(SPLIT(E54, ""<br>""), ""([가-힣A-Za-z]+)""))"),"테리") -> 테리 | O54: =IFERROR(__xludf.DUMMYFUNCTION("""COMPUTED_VALUE"""),"유즈") -> 유즈 | P54: =IFERROR(__xludf.DUMMYFUNCTION("""COMPUTED_VALUE"""),"기재") -> 기재 | Q54: =IFERROR(__xludf.DUMMYFUNCTION("""COMPUTED_VALUE"""),"짱구") -> 짱구
A55: G251125215307 | B55: 2025-11-25 21:53 | C55: 기재 (-)<br>학생 (-)<br>테리 (-)<br>규식 (-) | D55: 5 | E55: 유즈 (-)<br>짱구 (-)<br>신형만 (-)<br>ACDC (-) | F55: 2 | G55: 45986.912 | H55: 시즌15 | I55: 신형만,ACDC | J55: =IFERROR(__xludf.DUMMYFUNCTION("ARRAYFORMULA(REGEXEXTRACT(SPLIT(C55, ""<br>""), ""([가-힣A-Za-z]+)""))"),"기재") -> 기재 | K55: =IFERROR(__xludf.DUMMYFUNCTION("""COMPUTED_VALUE"""),"학생") -> 학생 | L55: =IFERROR(__xludf.DUMMYFUNCTION("""COMPUTED_VALUE"""),"테리") -> 테리 | M55: =IFERROR(__xludf.DUMMYFUNCTION("""COMPUTED_VALUE"""),"규식") -> 규식 | N55: =IFERROR(__xludf.DUMMYFUNCTION("ARRAYFORMULA(REGEXEXTRACT(SPLIT(E55, ""<br>""), ""([가-힣A-Za-z]+)""))"),"유즈") -> 유즈 | O55: =IFERROR(__xludf.DUMMYFUNCTION("""COMPUTED_VALUE"""),"짱구") -> 짱구 | P55: =IFERROR(__xludf.DUMMYFUNCTION("""COMPUTED_VALUE"""),"신형만") -> 신형만 | Q55: =IFERROR(__xludf.DUMMYFUNCTION("""COMPUTED_VALUE"""),"ACDC") -> ACDC
A56: G251124223252 | B56: 2025-11-24 22:32 | C56: 원 (-)<br>깡패 (-)<br>한메 (-)<br>기재 (-) | D56: 5 | E56: ACDC (-)<br>노픽업 (-)<br>테리 (-)<br>짱구 (-) | F56: 4 | G56: 45985.94 | H56: 시즌15 | I56: ACDC,깡패,원 | J56: =IFERROR(__xludf.DUMMYFUNCTION("ARRAYFORMULA(REGEXEXTRACT(SPLIT(C56, ""<br>""), ""([가-힣A-Za-z]+)""))"),"원") -> 원 | K56: =IFERROR(__xludf.DUMMYFUNCTION("""COMPUTED_VALUE"""),"깡패") -> 깡패 | L56: =IFERROR(__xludf.DUMMYFUNCTION("""COMPUTED_VALUE"""),"한메") -> 한메 | M56: =IFERROR(__xludf.DUMMYFUNCTION("""COMPUTED_VALUE"""),"기재") -> 기재 | N56: =IFERROR(__xludf.DUMMYFUNCTION("ARRAYFORMULA(REGEXEXTRACT(SPLIT(E56, ""<br>""), ""([가-힣A-Za-z]+)""))"),"ACDC") -> ACDC | O56: =IFERROR(__xludf.DUMMYFUNCTION("""COMPUTED_VALUE"""),"노픽업") -> 노픽업 | P56: =IFERROR(__xludf.DUMMYFUNCTION("""COMPUTED_VALUE"""),"테리") -> 테리 | Q56: =IFERROR(__xludf.DUMMYFUNCTION("""COMPUTED_VALUE"""),"짱구") -> 짱구
A57: G251124214920 | B57: 2025-11-24 21:49 | C57: 테리 (-)<br>짱구 (-)<br>기재 (-)<br>한메 (-) | D57: 5 | E57: 깡패 (-)<br>ACDC (-)<br>노픽업 (-)<br>원 (-) | F57: 0 | G57: 45985.909 | H57: 시즌15 | I57: ACDC,깡패,원 | J57: =IFERROR(__xludf.DUMMYFUNCTION("ARRAYFORMULA(REGEXEXTRACT(SPLIT(C57, ""<br>""), ""([가-힣A-Za-z]+)""))"),"테리") -> 테리 | K57: =IFERROR(__xludf.DUMMYFUNCTION("""COMPUTED_VALUE"""),"짱구") -> 짱구 | L57: =IFERROR(__xludf.DUMMYFUNCTION("""COMPUTED_VALUE"""),"기재") -> 기재 | M57: =IFERROR(__xludf.DUMMYFUNCTION("""COMPUTED_VALUE"""),"한메") -> 한메 | N57: =IFERROR(__xludf.DUMMYFUNCTION("ARRAYFORMULA(REGEXEXTRACT(SPLIT(E57, ""<br>""), ""([가-힣A-Za-z]+)""))"),"깡패") -> 깡패 | O57: =IFERROR(__xludf.DUMMYFUNCTION("""COMPUTED_VALUE"""),"ACDC") -> ACDC | P57: =IFERROR(__xludf.DUMMYFUNCTION("""COMPUTED_VALUE"""),"노픽업") -> 노픽업 | Q57: =IFERROR(__xludf.DUMMYFUNCTION("""COMPUTED_VALUE"""),"원") -> 원
A58: G251124213241 | B58: 2025-11-24 21:32 | C58: 깡패 (-)<br>짱구 (-)<br>원 (-)<br>한메 (-) | D58: 5 | E58: ACDC (-)<br>테리 (-)<br>노픽업 (-)<br>기재 (-) | F58: 1 | G58: 45985.897 | H58: 시즌15 | I58: ACDC,깡패,원 | J58: =IFERROR(__xludf.DUMMYFUNCTION("ARRAYFORMULA(REGEXEXTRACT(SPLIT(C58, ""<br>""), ""([가-힣A-Za-z]+)""))"),"깡패") -> 깡패 | K58: =IFERROR(__xludf.DUMMYFUNCTION("""COMPUTED_VALUE"""),"짱구") -> 짱구 | L58: =IFERROR(__xludf.DUMMYFUNCTION("""COMPUTED_VALUE"""),"원") -> 원 | M58: =IFERROR(__xludf.DUMMYFUNCTION("""COMPUTED_VALUE"""),"한메") -> 한메 | N58: =IFERROR(__xludf.DUMMYFUNCTION("ARRAYFORMULA(REGEXEXTRACT(SPLIT(E58, ""<br>""), ""([가-힣A-Za-z]+)""))"),"ACDC") -> ACDC | O58: =IFERROR(__xludf.DUMMYFUNCTION("""COMPUTED_VALUE"""),"테리") -> 테리 | P58: =IFERROR(__xludf.DUMMYFUNCTION("""COMPUTED_VALUE"""),"노픽업") -> 노픽업 | Q58: =IFERROR(__xludf.DUMMYFUNCTION("""COMPUTED_VALUE"""),"기재") -> 기재
A59: G251123223315 | B59: 2025-11-23 22:33 | C59: ACDC (-)<br>짱구 (-)<br>규식 (-)<br>ovo (-) | D59: 5 | E59: 깡패 (-)<br>테리 (-)<br>노픽업 (-)<br>신형만 (-) | F59: 2 | G59: 45984.94 | H59: 시즌15 | I59: 깡패,신형만 | J59: =IFERROR(__xludf.DUMMYFUNCTION("ARRAYFORMULA(REGEXEXTRACT(SPLIT(C59, ""<br>""), ""([가-힣A-Za-z]+)""))"),"ACDC") -> ACDC | K59: =IFERROR(__xludf.DUMMYFUNCTION("""COMPUTED_VALUE"""),"짱구") -> 짱구 | L59: =IFERROR(__xludf.DUMMYFUNCTION("""COMPUTED_VALUE"""),"규식") -> 규식 | M59: =IFERROR(__xludf.DUMMYFUNCTION("""COMPUTED_VALUE"""),"ovo") -> ovo | N59: =IFERROR(__xludf.DUMMYFUNCTION("ARRAYFORMULA(REGEXEXTRACT(SPLIT(E59, ""<br>""), ""([가-힣A-Za-z]+)""))"),"깡패") -> 깡패 | O59: =IFERROR(__xludf.DUMMYFUNCTION("""COMPUTED_VALUE"""),"테리") -> 테리 | P59: =IFERROR(__xludf.DUMMYFUNCTION("""COMPUTED_VALUE"""),"노픽업") -> 노픽업 | Q59: =IFERROR(__xludf.DUMMYFUNCTION("""COMPUTED_VALUE"""),"신형만") -> 신형만
A60: G251123215719 | B60: 2025-11-23 21:57 | C60: 기재 (-)<br>깡패 (-)<br>테리 (-)<br>짱구 (-) | D60: 5 | E60: 신형만 (-)<br>노픽업 (-)<br>ovo (-)<br>ACDC (-) | F60: 0 | G60: 45984.915 | H60: 시즌15 | I60: 깡패,신형만 | J60: =IFERROR(__xludf.DUMMYFUNCTION("ARRAYFORMULA(REGEXEXTRACT(SPLIT(C60, ""<br>""), ""([가-힣A-Za-z]+)""))"),"기재") -> 기재 | K60: =IFERROR(__xludf.DUMMYFUNCTION("""COMPUTED_VALUE"""),"깡패") -> 깡패 | L60: =IFERROR(__xludf.DUMMYFUNCTION("""COMPUTED_VALUE"""),"테리") -> 테리 | M60: =IFERROR(__xludf.DUMMYFUNCTION("""COMPUTED_VALUE"""),"짱구") -> 짱구 | N60: =IFERROR(__xludf.DUMMYFUNCTION("ARRAYFORMULA(REGEXEXTRACT(SPLIT(E60, ""<br>""), ""([가-힣A-Za-z]+)""))"),"신형만") -> 신형만 | O60: =IFERROR(__xludf.DUMMYFUNCTION("""COMPUTED_VALUE"""),"노픽업") -> 노픽업 | P60: =IFERROR(__xludf.DUMMYFUNCTION("""COMPUTED_VALUE"""),"ovo") -> ovo | Q60: =IFERROR(__xludf.DUMMYFUNCTION("""COMPUTED_VALUE"""),"ACDC") -> ACDC
A61: G251123213202 | B61: 2025-11-23 21:32 | C61: ovo (-)<br>짱구 (-)<br>규식 (-)<br>노픽업 (-) | D61: 5 | E61: ACDC (-)<br>테리 (-)<br>신형만 (-)<br>깡패 (-) | F61: 3 | G61: 45984.897 | H61: 시즌15 | I61: 깡패,신형만 | J61: =IFERROR(__xludf.DUMMYFUNCTION("ARRAYFORMULA(REGEXEXTRACT(SPLIT(C61, ""<br>""), ""([가-힣A-Za-z]+)""))"),"ovo") -> ovo | K61: =IFERROR(__xludf.DUMMYFUNCTION("""COMPUTED_VALUE"""),"짱구") -> 짱구 | L61: =IFERROR(__xludf.DUMMYFUNCTION("""COMPUTED_VALUE"""),"규식") -> 규식 | M61: =IFERROR(__xludf.DUMMYFUNCTION("""COMPUTED_VALUE"""),"노픽업") -> 노픽업 | N61: =IFERROR(__xludf.DUMMYFUNCTION("ARRAYFORMULA(REGEXEXTRACT(SPLIT(E61, ""<br>""), ""([가-힣A-Za-z]+)""))"),"ACDC") -> ACDC | O61: =IFERROR(__xludf.DUMMYFUNCTION("""COMPUTED_VALUE"""),"테리") -> 테리 | P61: =IFERROR(__xludf.DUMMYFUNCTION("""COMPUTED_VALUE"""),"신형만") -> 신형만 | Q61: =IFERROR(__xludf.DUMMYFUNCTION("""COMPUTED_VALUE"""),"깡패") -> 깡패
A62: G251123203503 | B62: 2025-11-23 20:35 | C62: 깡패 (-)<br>ACDC (-)<br>ovo (-)<br>규식 (-) | D62: 5 | E62: 신형만 (-)<br>노픽업 (-)<br>테리 (-)<br>짱구 (-) | F62: 1 | G62: 45984.858 | H62: 시즌15 | I62: 깡패,신형만 | J62: =IFERROR(__xludf.DUMMYFUNCTION("ARRAYFORMULA(REGEXEXTRACT(SPLIT(C62, ""<br>""), ""([가-힣A-Za-z]+)""))"),"깡패") -> 깡패 | K62: =IFERROR(__xludf.DUMMYFUNCTION("""COMPUTED_VALUE"""),"ACDC") -> ACDC | L62: =IFERROR(__xludf.DUMMYFUNCTION("""COMPUTED_VALUE"""),"ovo") -> ovo | M62: =IFERROR(__xludf.DUMMYFUNCTION("""COMPUTED_VALUE"""),"규식") -> 규식 | N62: =IFERROR(__xludf.DUMMYFUNCTION("ARRAYFORMULA(REGEXEXTRACT(SPLIT(E62, ""<br>""), ""([가-힣A-Za-z]+)""))"),"신형만") -> 신형만 | O62: =IFERROR(__xludf.DUMMYFUNCTION("""COMPUTED_VALUE"""),"노픽업") -> 노픽업 | P62: =IFERROR(__xludf.DUMMYFUNCTION("""COMPUTED_VALUE"""),"테리") -> 테리 | Q62: =IFERROR(__xludf.DUMMYFUNCTION("""COMPUTED_VALUE"""),"짱구") -> 짱구
A63: G251119220517 | B63: 2025-11-19 22:05 | C63: ACDC (-)<br>규식 (-)<br>테리 (-)<br>짱구 (-) | D63: 5 | E63: 노인 (-)<br>유즈 (-)<br>기재 (-)<br>깡패 (-) | F63: 4 | G63: 45980.92 | H63: 시즌15 | I63: 깡패 | J63: =IFERROR(__xludf.DUMMYFUNCTION("ARRAYFORMULA(REGEXEXTRACT(SPLIT(C63, ""<br>""), ""([가-힣A-Za-z]+)""))"),"ACDC") -> ACDC | K63: =IFERROR(__xludf.DUMMYFUNCTION("""COMPUTED_VALUE"""),"규식") -> 규식 | L63: =IFERROR(__xludf.DUMMYFUNCTION("""COMPUTED_VALUE"""),"테리") -> 테리 | M63: =IFERROR(__xludf.DUMMYFUNCTION("""COMPUTED_VALUE"""),"짱구") -> 짱구 | N63: =IFERROR(__xludf.DUMMYFUNCTION("ARRAYFORMULA(REGEXEXTRACT(SPLIT(E63, ""<br>""), ""([가-힣A-Za-z]+)""))"),"노인") -> 노인 | O63: =IFERROR(__xludf.DUMMYFUNCTION("""COMPUTED_VALUE"""),"유즈") -> 유즈 | P63: =IFERROR(__xludf.DUMMYFUNCTION("""COMPUTED_VALUE"""),"기재") -> 기재 | Q63: =IFERROR(__xludf.DUMMYFUNCTION("""COMPUTED_VALUE"""),"깡패") -> 깡패
A64: G251119211320 | B64: 2025-11-19 21:13 | C64: 기재 (-)<br>테리 (-)<br>짱구 (-)<br>신형만 (-) | D64: 5 | E64: 깡패 (-)<br>노인 (-)<br>ACDC (-)<br>규식 (-) | F64: 3 | G64: 45980.884 | H64: 시즌15 | I64: 깡패,신형만 | J64: =IFERROR(__xludf.DUMMYFUNCTION("ARRAYFORMULA(REGEXEXTRACT(SPLIT(C64, ""<br>""), ""([가-힣A-Za-z]+)""))"),"기재") -> 기재 | K64: =IFERROR(__xludf.DUMMYFUNCTION("""COMPUTED_VALUE"""),"테리") -> 테리 | L64: =IFERROR(__xludf.DUMMYFUNCTION("""COMPUTED_VALUE"""),"짱구") -> 짱구 | M64: =IFERROR(__xludf.DUMMYFUNCTION("""COMPUTED_VALUE"""),"신형만") -> 신형만 | N64: =IFERROR(__xludf.DUMMYFUNCTION("ARRAYFORMULA(REGEXEXTRACT(SPLIT(E64, ""<br>""), ""([가-힣A-Za-z]+)""))"),"깡패") -> 깡패 | O64: =IFERROR(__xludf.DUMMYFUNCTION("""COMPUTED_VALUE"""),"노인") -> 노인 | P64: =IFERROR(__xludf.DUMMYFUNCTION("""COMPUTED_VALUE"""),"ACDC") -> ACDC | Q64: =IFERROR(__xludf.DUMMYFUNCTION("""COMPUTED_VALUE"""),"규식") -> 규식
A65: G251119202916 | B65: 2025-11-19 20:29 | C65: 테리 (-)<br>규식 (-)<br>깡패 (-)<br>한메 (-) | D65: 5 | E65: 노인 (-)<br>신형만 (-)<br>짱구 (-)<br>ACDC (-) | F65: 1 | G65: 45980.853 | H65: 시즌15 | I65: 깡패,신형만 | J65: =IFERROR(__xludf.DUMMYFUNCTION("ARRAYFORMULA(REGEXEXTRACT(SPLIT(C65, ""<br>""), ""([가-힣A-Za-z]+)""))"),"테리") -> 테리 | K65: =IFERROR(__xludf.DUMMYFUNCTION("""COMPUTED_VALUE"""),"규식") -> 규식 | L65: =IFERROR(__xludf.DUMMYFUNCTION("""COMPUTED_VALUE"""),"깡패") -> 깡패 | M65: =IFERROR(__xludf.DUMMYFUNCTION("""COMPUTED_VALUE"""),"한메") -> 한메 | N65: =IFERROR(__xludf.DUMMYFUNCTION("ARRAYFORMULA(REGEXEXTRACT(SPLIT(E65, ""<br>""), ""([가-힣A-Za-z]+)""))"),"노인") -> 노인 | O65: =IFERROR(__xludf.DUMMYFUNCTION("""COMPUTED_VALUE"""),"신형만") -> 신형만 | P65: =IFERROR(__xludf.DUMMYFUNCTION("""COMPUTED_VALUE"""),"짱구") -> 짱구 | Q65: =IFERROR(__xludf.DUMMYFUNCTION("""COMPUTED_VALUE"""),"ACDC") -> ACDC
A66: G251110220811 | B66: 2025-11-10 22:08 | C66: 테리 (-)<br>학생 (-)<br>기재 (-)<br>규식 (-) | D66: 5 | E66: 깡패 (-)<br>노인 (-)<br>짱구 (-)<br>참치 (-) | F66: 3 | G66: 45971.922 | H66: 시즌15 | I66: 깡패,참치 | J66: =IFERROR(__xludf.DUMMYFUNCTION("ARRAYFORMULA(REGEXEXTRACT(SPLIT(C66, ""<br>""), ""([가-힣A-Za-z]+)""))"),"테리") -> 테리 | K66: =IFERROR(__xludf.DUMMYFUNCTION("""COMPUTED_VALUE"""),"학생") -> 학생 | L66: =IFERROR(__xludf.DUMMYFUNCTION("""COMPUTED_VALUE"""),"기재") -> 기재 | M66: =IFERROR(__xludf.DUMMYFUNCTION("""COMPUTED_VALUE"""),"규식") -> 규식 | N66: =IFERROR(__xludf.DUMMYFUNCTION("ARRAYFORMULA(REGEXEXTRACT(SPLIT(E66, ""<br>""), ""([가-힣A-Za-z]+)""))"),"깡패") -> 깡패 | O66: =IFERROR(__xludf.DUMMYFUNCTION("""COMPUTED_VALUE"""),"노인") -> 노인 | P66: =IFERROR(__xludf.DUMMYFUNCTION("""COMPUTED_VALUE"""),"짱구") -> 짱구 | Q66: =IFERROR(__xludf.DUMMYFUNCTION("""COMPUTED_VALUE"""),"참치") -> 참치
A67: G251110211300 | B67: 2025-11-10 21:12 | C67: 노인 (-)<br>테리 (-)<br>깡패 (-)<br>학생 (-) | D67: 5 | E67: 참치 (-)<br>짱구 (-)<br>규식 (-)<br>기재 (-) | F67: 3 | G67: 45971.884 | H67: 시즌15 | I67: 깡패,참치 | J67: =IFERROR(__xludf.DUMMYFUNCTION("ARRAYFORMULA(REGEXEXTRACT(SPLIT(C67, ""<br>""), ""([가-힣A-Za-z]+)""))"),"노인") -> 노인 | K67: =IFERROR(__xludf.DUMMYFUNCTION("""COMPUTED_VALUE"""),"테리") -> 테리 | L67: =IFERROR(__xludf.DUMMYFUNCTION("""COMPUTED_VALUE"""),"깡패") -> 깡패 | M67: =IFERROR(__xludf.DUMMYFUNCTION("""COMPUTED_VALUE"""),"학생") -> 학생 | N67: =IFERROR(__xludf.DUMMYFUNCTION("ARRAYFORMULA(REGEXEXTRACT(SPLIT(E67, ""<br>""), ""([가-힣A-Za-z]+)""))"),"참치") -> 참치 | O67: =IFERROR(__xludf.DUMMYFUNCTION("""COMPUTED_VALUE"""),"짱구") -> 짱구 | P67: =IFERROR(__xludf.DUMMYFUNCTION("""COMPUTED_VALUE"""),"규식") -> 규식 | Q67: =IFERROR(__xludf.DUMMYFUNCTION("""COMPUTED_VALUE"""),"기재") -> 기재
A68: G251109233241 | B68: 2025-11-09 23:32 | C68: 넘버 (18)<br>신형만 (28)<br>원 (20)<br>깡패 (17) | D68: 5 | E68: 테리 (-15)<br>노픽업 (-10)<br>짱구 (-14)<br>규식 (-14) | F68: 2 | G68: 45970.981 | H68: 시즌14 | I68: 신형만,깡패,넘버,원 | J68: =IFERROR(__xludf.DUMMYFUNCTION("ARRAYFORMULA(REGEXEXTRACT(SPLIT(C68, ""<br>""), ""([가-힣A-Za-z]+)""))"),"넘버") -> 넘버 | K68: =IFERROR(__xludf.DUMMYFUNCTION("""COMPUTED_VALUE"""),"신형만") -> 신형만 | L68: =IFERROR(__xludf.DUMMYFUNCTION("""COMPUTED_VALUE"""),"원") -> 원 | M68: =IFERROR(__xludf.DUMMYFUNCTION("""COMPUTED_VALUE"""),"깡패") -> 깡패 | N68: =IFERROR(__xludf.DUMMYFUNCTION("ARRAYFORMULA(REGEXEXTRACT(SPLIT(E68, ""<br>""), ""([가-힣A-Za-z]+)""))"),"테리") -> 테리 | O68: =IFERROR(__xludf.DUMMYFUNCTION("""COMPUTED_VALUE"""),"노픽업") -> 노픽업 | P68: =IFERROR(__xludf.DUMMYFUNCTION("""COMPUTED_VALUE"""),"짱구") -> 짱구 | Q68: =IFERROR(__xludf.DUMMYFUNCTION("""COMPUTED_VALUE"""),"규식") -> 규식
A69: G251109230337 | B69: 2025-11-09 23:03 | C69: 깡패 (16)<br>원 (19)<br>테리 (14)<br>짱구 (18) | D69: 5 | E69: 솔 (-16)<br>규식 (-16)<br>신형만 (-14)<br>노픽업 (-11) | F69: 1 | G69: 45970.961 | H69: 시즌14 | I69: 신형만,깡패,솔,원 | J69: =IFERROR(__xludf.DUMMYFUNCTION("ARRAYFORMULA(REGEXEXTRACT(SPLIT(C69, ""<br>""), ""([가-힣A-Za-z]+)""))"),"깡패") -> 깡패 | K69: =IFERROR(__xludf.DUMMYFUNCTION("""COMPUTED_VALUE"""),"원") -> 원 | L69: =IFERROR(__xludf.DUMMYFUNCTION("""COMPUTED_VALUE"""),"테리") -> 테리 | M69: =IFERROR(__xludf.DUMMYFUNCTION("""COMPUTED_VALUE"""),"짱구") -> 짱구 | N69: =IFERROR(__xludf.DUMMYFUNCTION("ARRAYFORMULA(REGEXEXTRACT(SPLIT(E69, ""<br>""), ""([가-힣A-Za-z]+)""))"),"솔") -> 솔 | O69: =IFERROR(__xludf.DUMMYFUNCTION("""COMPUTED_VALUE"""),"규식") -> 규식 | P69: =IFERROR(__xludf.DUMMYFUNCTION("""COMPUTED_VALUE"""),"신형만") -> 신형만 | Q69: =IFERROR(__xludf.DUMMYFUNCTION("""COMPUTED_VALUE"""),"노픽업") -> 노픽업
A70: G251109223705 | B70: 2025-11-09 22:37 | C70: 솔 (19)<br>원 (21)<br>테리 (14)<br>신형만 (27) | D70: 5 | E70: 깡패 (-16)<br>짱구 (-14)<br>기재 (-13)<br>노픽업 (-10) | F70: 2 | G70: 45970.942 | H70: 시즌14 | I70: 신형만,깡패,솔,원 | J70: =IFERROR(__xludf.DUMMYFUNCTION("ARRAYFORMULA(REGEXEXTRACT(SPLIT(C70, ""<br>""), ""([가-힣A-Za-z]+)""))"),"솔") -> 솔 | K70: =IFERROR(__xludf.DUMMYFUNCTION("""COMPUTED_VALUE"""),"원") -> 원 | L70: =IFERROR(__xludf.DUMMYFUNCTION("""COMPUTED_VALUE"""),"테리") -> 테리 | M70: =IFERROR(__xludf.DUMMYFUNCTION("""COMPUTED_VALUE"""),"신형만") -> 신형만 | N70: =IFERROR(__xludf.DUMMYFUNCTION("ARRAYFORMULA(REGEXEXTRACT(SPLIT(E70, ""<br>""), ""([가-힣A-Za-z]+)""))"),"깡패") -> 깡패 | O70: =IFERROR(__xludf.DUMMYFUNCTION("""COMPUTED_VALUE"""),"짱구") -> 짱구 | P70: =IFERROR(__xludf.DUMMYFUNCTION("""COMPUTED_VALUE"""),"기재") -> 기재 | Q70: =IFERROR(__xludf.DUMMYFUNCTION("""COMPUTED_VALUE"""),"노픽업") -> 노픽업
A71: G251109214722 | B71: 2025-11-09 21:47 | C71: 테리 (13)<br>깡패 (15)<br>솔 (18)<br>짱구 (17) | D71: 5 | E71: 신형만 (-11)<br>노픽업 (-9)<br>원 (-12)<br>기재 (-11) | F71: 3 | G71: 45970.908 | H71: 시즌14 | I71: 신형만,깡패,솔,원 | J71: =IFERROR(__xludf.DUMMYFUNCTION("ARRAYFORMULA(REGEXEXTRACT(SPLIT(C71, ""<br>""), ""([가-힣A-Za-z]+)""))"),"테리") -> 테리 | K71: =IFERROR(__xludf.DUMMYFUNCTION("""COMPUTED_VALUE"""),"깡패") -> 깡패 | L71: =IFERROR(__xludf.DUMMYFUNCTION("""COMPUTED_VALUE"""),"솔") -> 솔 | M71: =IFERROR(__xludf.DUMMYFUNCTION("""COMPUTED_VALUE"""),"짱구") -> 짱구 | N71: =IFERROR(__xludf.DUMMYFUNCTION("ARRAYFORMULA(REGEXEXTRACT(SPLIT(E71, ""<br>""), ""([가-힣A-Za-z]+)""))"),"신형만") -> 신형만 | O71: =IFERROR(__xludf.DUMMYFUNCTION("""COMPUTED_VALUE"""),"노픽업") -> 노픽업 | P71: =IFERROR(__xludf.DUMMYFUNCTION("""COMPUTED_VALUE"""),"원") -> 원 | Q71: =IFERROR(__xludf.DUMMYFUNCTION("""COMPUTED_VALUE"""),"기재") -> 기재
A72: G251109205318 | B72: 2025-11-09 20:53 | C72: 솔 (23)<br>짱구 (22)<br>기재 (23)<br>신형만 (31) | D72: 5 | E72: 깡패 (-15)<br>테리 (-14)<br>노픽업 (-10)<br>원 (-14) | F72: 3 | G72: 45970.87 | H72: 시즌14 | I72: 신형만,깡패,솔,원 | J72: =IFERROR(__xludf.DUMMYFUNCTION("ARRAYFORMULA(REGEXEXTRACT(SPLIT(C72, ""<br>""), ""([가-힣A-Za-z]+)""))"),"솔") -> 솔 | K72: =IFERROR(__xludf.DUMMYFUNCTION("""COMPUTED_VALUE"""),"짱구") -> 짱구 | L72: =IFERROR(__xludf.DUMMYFUNCTION("""COMPUTED_VALUE"""),"기재") -> 기재 | M72: =IFERROR(__xludf.DUMMYFUNCTION("""COMPUTED_VALUE"""),"신형만") -> 신형만 | N72: =IFERROR(__xludf.DUMMYFUNCTION("ARRAYFORMULA(REGEXEXTRACT(SPLIT(E72, ""<br>""), ""([가-힣A-Za-z]+)""))"),"깡패") -> 깡패 | O72: =IFERROR(__xludf.DUMMYFUNCTION("""COMPUTED_VALUE"""),"테리") -> 테리 | P72: =IFERROR(__xludf.DUMMYFUNCTION("""COMPUTED_VALUE"""),"노픽업") -> 노픽업 | Q72: =IFERROR(__xludf.DUMMYFUNCTION("""COMPUTED_VALUE"""),"원") -> 원
A73: G251109201842 | B73: 2025-11-09 20:18 | C73: 기재 (25)<br>솔 (26)<br>원 (25)<br>노픽업 (32) | D73: 5 | E73: 테리 (-19)<br>신형만 (-16)<br>깡패 (-20)<br>짱구 (-17) | F73: 1 | G73: 45970.847 | H73: 시즌14 | I73: 신형만,깡패,솔,원 | J73: =IFERROR(__xludf.DUMMYFUNCTION("ARRAYFORMULA(REGEXEXTRACT(SPLIT(C73, ""<br>""), ""([가-힣A-Za-z]+)""))"),"기재") -> 기재 | K73: =IFERROR(__xludf.DUMMYFUNCTION("""COMPUTED_VALUE"""),"솔") -> 솔 | L73: =IFERROR(__xludf.DUMMYFUNCTION("""COMPUTED_VALUE"""),"원") -> 원 | M73: =IFERROR(__xludf.DUMMYFUNCTION("""COMPUTED_VALUE"""),"노픽업") -> 노픽업 | N73: =IFERROR(__xludf.DUMMYFUNCTION("ARRAYFORMULA(REGEXEXTRACT(SPLIT(E73, ""<br>""), ""([가-힣A-Za-z]+)""))"),"테리") -> 테리 | O73: =IFERROR(__xludf.DUMMYFUNCTION("""COMPUTED_VALUE"""),"신형만") -> 신형만 | P73: =IFERROR(__xludf.DUMMYFUNCTION("""COMPUTED_VALUE"""),"깡패") -> 깡패 | Q73: =IFERROR(__xludf.DUMMYFUNCTION("""COMPUTED_VALUE"""),"짱구") -> 짱구
A74: G251109161017 | B74: 2025-11-09 16:10 | C74: ovo (-)<br>규식 (11)<br>신형만 (21)<br>기재 (17) | D74: 5 | E74: 넘버 (-13)<br>GYUL (-10)<br>용이 (-)<br>노픽업 (-9) | F74: 4 | G74: 45970.674 | H74: 시즌14 | I74: 신형만,넘버,GYUL | J74: =IFERROR(__xludf.DUMMYFUNCTION("ARRAYFORMULA(REGEXEXTRACT(SPLIT(C74, ""<br>""), ""([가-힣A-Za-z]+)""))"),"ovo") -> ovo | K74: =IFERROR(__xludf.DUMMYFUNCTION("""COMPUTED_VALUE"""),"규식") -> 규식 | L74: =IFERROR(__xludf.DUMMYFUNCTION("""COMPUTED_VALUE"""),"신형만") -> 신형만 | M74: =IFERROR(__xludf.DUMMYFUNCTION("""COMPUTED_VALUE"""),"기재") -> 기재 | N74: =IFERROR(__xludf.DUMMYFUNCTION("ARRAYFORMULA(REGEXEXTRACT(SPLIT(E74, ""<br>""), ""([가-힣A-Za-z]+)""))"),"넘버") -> 넘버 | O74: =IFERROR(__xludf.DUMMYFUNCTION("""COMPUTED_VALUE"""),"GYUL") -> GYUL | P74: =IFERROR(__xludf.DUMMYFUNCTION("""COMPUTED_VALUE"""),"용이") -> 용이 | Q74: =IFERROR(__xludf.DUMMYFUNCTION("""COMPUTED_VALUE"""),"노픽업") -> 노픽업
A75: G251109153051 | B75: 2025-11-09 15:30 | C75: 기재 (14)<br>넘버 (9)<br>규식 (9)<br>GYUL (23) | D75: 5 | E75: 용이 (-)<br>신형만 (-17)<br>노픽업 (-14)<br>ovo (-) | F75: 0 | G75: 45970.647 | H75: 시즌14 | I75: 신형만,넘버,GYUL | J75: =IFERROR(__xludf.DUMMYFUNCTION("ARRAYFORMULA(REGEXEXTRACT(SPLIT(C75, ""<br>""), ""([가-힣A-Za-z]+)""))"),"기재") -> 기재 | K75: =IFERROR(__xludf.DUMMYFUNCTION("""COMPUTED_VALUE"""),"넘버") -> 넘버 | L75: =IFERROR(__xludf.DUMMYFUNCTION("""COMPUTED_VALUE"""),"규식") -> 규식 | M75: =IFERROR(__xludf.DUMMYFUNCTION("""COMPUTED_VALUE"""),"GYUL") -> GYUL | N75: =IFERROR(__xludf.DUMMYFUNCTION("ARRAYFORMULA(REGEXEXTRACT(SPLIT(E75, ""<br>""), ""([가-힣A-Za-z]+)""))"),"용이") -> 용이 | O75: =IFERROR(__xludf.DUMMYFUNCTION("""COMPUTED_VALUE"""),"신형만") -> 신형만 | P75: =IFERROR(__xludf.DUMMYFUNCTION("""COMPUTED_VALUE"""),"노픽업") -> 노픽업 | Q75: =IFERROR(__xludf.DUMMYFUNCTION("""COMPUTED_VALUE"""),"ovo") -> ovo
A76: G251106023211 | B76: 2025-11-06 02:32 | C76: 넘버 (21)<br>학생 (31)<br>ACDC (31)<br>규식 (20) | D76: 5 | E76: 깡패 (-18)<br>신형만 (-14)<br>솔 (-16)<br>짱구 (-16) | F76: 2 | G76: 45967.106 | H76: 시즌14 | I76: 깡패,신형만,넘버,솔 | J76: =IFERROR(__xludf.DUMMYFUNCTION("ARRAYFORMULA(REGEXEXTRACT(SPLIT(C76, ""<br>""), ""([가-힣A-Za-z]+)""))"),"넘버") -> 넘버 | K76: =IFERROR(__xludf.DUMMYFUNCTION("""COMPUTED_VALUE"""),"학생") -> 학생 | L76: =IFERROR(__xludf.DUMMYFUNCTION("""COMPUTED_VALUE"""),"ACDC") -> ACDC | M76: =IFERROR(__xludf.DUMMYFUNCTION("""COMPUTED_VALUE"""),"규식") -> 규식 | N76: =IFERROR(__xludf.DUMMYFUNCTION("ARRAYFORMULA(REGEXEXTRACT(SPLIT(E76, ""<br>""), ""([가-힣A-Za-z]+)""))"),"깡패") -> 깡패 | O76: =IFERROR(__xludf.DUMMYFUNCTION("""COMPUTED_VALUE"""),"신형만") -> 신형만 | P76: =IFERROR(__xludf.DUMMYFUNCTION("""COMPUTED_VALUE"""),"솔") -> 솔 | Q76: =IFERROR(__xludf.DUMMYFUNCTION("""COMPUTED_VALUE"""),"짱구") -> 짱구
A77: G251106013851 | B77: 2025-11-06 01:38 | C77: 신형만 (29)<br>깡패 (16)<br>규식 (19)<br>학생 (30) | D77: 5 | E77: 솔 (-18)<br>ACDC (-13)<br>짱구 (-18)<br>넘버 (-19) | F77: 1 | G77: 45967.069 | H77: 시즌14 | I77: 깡패,신형만,넘버,솔 | J77: =IFERROR(__xludf.DUMMYFUNCTION("ARRAYFORMULA(REGEXEXTRACT(SPLIT(C77, ""<br>""), ""([가-힣A-Za-z]+)""))"),"신형만") -> 신형만 | K77: =IFERROR(__xludf.DUMMYFUNCTION("""COMPUTED_VALUE"""),"깡패") -> 깡패 | L77: =IFERROR(__xludf.DUMMYFUNCTION("""COMPUTED_VALUE"""),"규식") -> 규식 | M77: =IFERROR(__xludf.DUMMYFUNCTION("""COMPUTED_VALUE"""),"학생") -> 학생 | N77: =IFERROR(__xludf.DUMMYFUNCTION("ARRAYFORMULA(REGEXEXTRACT(SPLIT(E77, ""<br>""), ""([가-힣A-Za-z]+)""))"),"솔") -> 솔 | O77: =IFERROR(__xludf.DUMMYFUNCTION("""COMPUTED_VALUE"""),"ACDC") -> ACDC | P77: =IFERROR(__xludf.DUMMYFUNCTION("""COMPUTED_VALUE"""),"짱구") -> 짱구 | Q77: =IFERROR(__xludf.DUMMYFUNCTION("""COMPUTED_VALUE"""),"넘버") -> 넘버
A78: G251106010856 | B78: 2025-11-06 01:08 | C78: 한메 (19)<br>짱구 (14)<br>테리 (11)<br>깡패 (12) | D78: 5 | E78: 솔 (-13)<br>유즈 (-9)<br>ACDC (-9)<br>신형만 (-11) | F78: 3 | G78: 45967.048 | H78: 시즌14 | I78: 깡패,신형만,솔 | J78: =IFERROR(__xludf.DUMMYFUNCTION("ARRAYFORMULA(REGEXEXTRACT(SPLIT(C78, ""<br>""), ""([가-힣A-Za-z]+)""))"),"한메") -> 한메 | K78: =IFERROR(__xludf.DUMMYFUNCTION("""COMPUTED_VALUE"""),"짱구") -> 짱구 | L78: =IFERROR(__xludf.DUMMYFUNCTION("""COMPUTED_VALUE"""),"테리") -> 테리 | M78: =IFERROR(__xludf.DUMMYFUNCTION("""COMPUTED_VALUE"""),"깡패") -> 깡패 | N78: =IFERROR(__xludf.DUMMYFUNCTION("ARRAYFORMULA(REGEXEXTRACT(SPLIT(E78, ""<br>""), ""([가-힣A-Za-z]+)""))"),"솔") -> 솔 | O78: =IFERROR(__xludf.DUMMYFUNCTION("""COMPUTED_VALUE"""),"유즈") -> 유즈 | P78: =IFERROR(__xludf.DUMMYFUNCTION("""COMPUTED_VALUE"""),"ACDC") -> ACDC | Q78: =IFERROR(__xludf.DUMMYFUNCTION("""COMPUTED_VALUE"""),"신형만") -> 신형만
A79: G251106000523 | B79: 2025-11-06 00:05 | C79: ACDC (27)<br>신형만 (26)<br>깡패 (14)<br>짱구 (16) | D79: 5 | E79: 유즈 (-10)<br>솔 (-14)<br>한메 (-12)<br>기재 (-12) | F79: 3 | G79: 45967.003 | H79: 시즌14 | I79: 깡패,신형만,솔 | J79: =IFERROR(__xludf.DUMMYFUNCTION("ARRAYFORMULA(REGEXEXTRACT(SPLIT(C79, ""<br>""), ""([가-힣A-Za-z]+)""))"),"ACDC") -> ACDC | K79: =IFERROR(__xludf.DUMMYFUNCTION("""COMPUTED_VALUE"""),"신형만") -> 신형만 | L79: =IFERROR(__xludf.DUMMYFUNCTION("""COMPUTED_VALUE"""),"깡패") -> 깡패 | M79: =IFERROR(__xludf.DUMMYFUNCTION("""COMPUTED_VALUE"""),"짱구") -> 짱구 | N79: =IFERROR(__xludf.DUMMYFUNCTION("ARRAYFORMULA(REGEXEXTRACT(SPLIT(E79, ""<br>""), ""([가-힣A-Za-z]+)""))"),"유즈") -> 유즈 | O79: =IFERROR(__xludf.DUMMYFUNCTION("""COMPUTED_VALUE"""),"솔") -> 솔 | P79: =IFERROR(__xludf.DUMMYFUNCTION("""COMPUTED_VALUE"""),"한메") -> 한메 | Q79: =IFERROR(__xludf.DUMMYFUNCTION("""COMPUTED_VALUE"""),"기재") -> 기재
A80: G251105220051 | B80: 2025-11-05 22:00 | C80: 노인 (23)<br>짱구 (23)<br>깡패 (21)<br>신형만 (34) | D80: 5 | E80: 기재 (-10)<br>테리 (-12)<br>넘버 (-12)<br>규식 (-11) | F80: 4 | G80: 45966.917 | H80: 시즌14 | I80: 넘버,신형만,깡패 | J80: =IFERROR(__xludf.DUMMYFUNCTION("ARRAYFORMULA(REGEXEXTRACT(SPLIT(C80, ""<br>""), ""([가-힣A-Za-z]+)""))"),"노인") -> 노인 | K80: =IFERROR(__xludf.DUMMYFUNCTION("""COMPUTED_VALUE"""),"짱구") -> 짱구 | L80: =IFERROR(__xludf.DUMMYFUNCTION("""COMPUTED_VALUE"""),"깡패") -> 깡패 | M80: =IFERROR(__xludf.DUMMYFUNCTION("""COMPUTED_VALUE"""),"신형만") -> 신형만 | N80: =IFERROR(__xludf.DUMMYFUNCTION("ARRAYFORMULA(REGEXEXTRACT(SPLIT(E80, ""<br>""), ""([가-힣A-Za-z]+)""))"),"기재") -> 기재 | O80: =IFERROR(__xludf.DUMMYFUNCTION("""COMPUTED_VALUE"""),"테리") -> 테리 | P80: =IFERROR(__xludf.DUMMYFUNCTION("""COMPUTED_VALUE"""),"넘버") -> 넘버 | Q80: =IFERROR(__xludf.DUMMYFUNCTION("""COMPUTED_VALUE"""),"규식") -> 규식
A81: G251105205502 | B81: 2025-11-05 20:54 | C81: 테리 (15)<br>노인 (21)<br>짱구 (21)<br>넘버 (19) | D81: 5 | E81: 깡패 (-20)<br>신형만 (-15)<br>규식 (-18)<br>기재 (-16) | F81: 0 | G81: 45966.872 | H81: 시즌14 | I81: 넘버,신형만,깡패 | J81: =IFERROR(__xludf.DUMMYFUNCTION("ARRAYFORMULA(REGEXEXTRACT(SPLIT(C81, ""<br>""), ""([가-힣A-Za-z]+)""))"),"테리") -> 테리 | K81: =IFERROR(__xludf.DUMMYFUNCTION("""COMPUTED_VALUE"""),"노인") -> 노인 | L81: =IFERROR(__xludf.DUMMYFUNCTION("""COMPUTED_VALUE"""),"짱구") -> 짱구 | M81: =IFERROR(__xludf.DUMMYFUNCTION("""COMPUTED_VALUE"""),"넘버") -> 넘버 | N81: =IFERROR(__xludf.DUMMYFUNCTION("ARRAYFORMULA(REGEXEXTRACT(SPLIT(E81, ""<br>""), ""([가-힣A-Za-z]+)""))"),"깡패") -> 깡패 | O81: =IFERROR(__xludf.DUMMYFUNCTION("""COMPUTED_VALUE"""),"신형만") -> 신형만 | P81: =IFERROR(__xludf.DUMMYFUNCTION("""COMPUTED_VALUE"""),"규식") -> 규식 | Q81: =IFERROR(__xludf.DUMMYFUNCTION("""COMPUTED_VALUE"""),"기재") -> 기재
A82: G251105033348 | B82: 2025-11-05 03:33 | C82: 민우 (-)<br>솔 (14)<br>ovo (-)<br>깡패 (12) | D82: 5 | E82: 신형만 (-13)<br>학생 (-11)<br>노픽업 (-11)<br>짱구 (-14) | F82: 3 | G82: 45966.149 | H82: 시즌14 | I82: 깡패,신형만,솔 | J82: =IFERROR(__xludf.DUMMYFUNCTION("ARRAYFORMULA(REGEXEXTRACT(SPLIT(C82, ""<br>""), ""([가-힣A-Za-z]+)""))"),"민우") -> 민우 | K82: =IFERROR(__xludf.DUMMYFUNCTION("""COMPUTED_VALUE"""),"솔") -> 솔 | L82: =IFERROR(__xludf.DUMMYFUNCTION("""COMPUTED_VALUE"""),"ovo") -> ovo | M82: =IFERROR(__xludf.DUMMYFUNCTION("""COMPUTED_VALUE"""),"깡패") -> 깡패 | N82: =IFERROR(__xludf.DUMMYFUNCTION("ARRAYFORMULA(REGEXEXTRACT(SPLIT(E82, ""<br>""), ""([가-힣A-Za-z]+)""))"),"신형만") -> 신형만 | O82: =IFERROR(__xludf.DUMMYFUNCTION("""COMPUTED_VALUE"""),"학생") -> 학생 | P82: =IFERROR(__xludf.DUMMYFUNCTION("""COMPUTED_VALUE"""),"노픽업") -> 노픽업 | Q82: =IFERROR(__xludf.DUMMYFUNCTION("""COMPUTED_VALUE"""),"짱구") -> 짱구
A83: G251105030727 | B83: 2025-11-05 03:07 | C83: 솔 (14)<br>신형만 (23)<br>짱구 (14)<br>민우 (-) | D83: 5 | E83: ovo (-)<br>노픽업 (-9)<br>깡패 (-13)<br>학생 (-9) | F83: 4 | G83: 45966.13 | H83: 시즌14 | I83: 깡패,신형만,솔 | J83: =IFERROR(__xludf.DUMMYFUNCTION("ARRAYFORMULA(REGEXEXTRACT(SPLIT(C83, ""<br>""), ""([가-힣A-Za-z]+)""))"),"솔") -> 솔 | K83: =IFERROR(__xludf.DUMMYFUNCTION("""COMPUTED_VALUE"""),"신형만") -> 신형만 | L83: =IFERROR(__xludf.DUMMYFUNCTION("""COMPUTED_VALUE"""),"짱구") -> 짱구 | M83: =IFERROR(__xludf.DUMMYFUNCTION("""COMPUTED_VALUE"""),"민우") -> 민우 | N83: =IFERROR(__xludf.DUMMYFUNCTION("ARRAYFORMULA(REGEXEXTRACT(SPLIT(E83, ""<br>""), ""([가-힣A-Za-z]+)""))"),"ovo") -> ovo | O83: =IFERROR(__xludf.DUMMYFUNCTION("""COMPUTED_VALUE"""),"노픽업") -> 노픽업 | P83: =IFERROR(__xludf.DUMMYFUNCTION("""COMPUTED_VALUE"""),"깡패") -> 깡패 | Q83: =IFERROR(__xludf.DUMMYFUNCTION("""COMPUTED_VALUE"""),"학생") -> 학생
A84: G251105020012 | B84: 2025-11-05 02:00 | C84: 신형만 (30)<br>짱구 (20)<br>테리 (14)<br>솔 (20) | D84: 5 | E84: 넘버 (-14)<br>학생 (-10)<br>노픽업 (-10)<br>깡패 (-15) | F84: 3 | G84: 45966.084 | H84: 시즌14 | I84: 깡패,신형만,넘버,솔 | J84: =IFERROR(__xludf.DUMMYFUNCTION("ARRAYFORMULA(REGEXEXTRACT(SPLIT(C84, ""<br>""), ""([가-힣A-Za-z]+)""))"),"신형만") -> 신형만 | K84: =IFERROR(__xludf.DUMMYFUNCTION("""COMPUTED_VALUE"""),"짱구") -> 짱구 | L84: =IFERROR(__xludf.DUMMYFUNCTION("""COMPUTED_VALUE"""),"테리") -> 테리 | M84: =IFERROR(__xludf.DUMMYFUNCTION("""COMPUTED_VALUE"""),"솔") -> 솔 | N84: =IFERROR(__xludf.DUMMYFUNCTION("ARRAYFORMULA(REGEXEXTRACT(SPLIT(E84, ""<br>""), ""([가-힣A-Za-z]+)""))"),"넘버") -> 넘버 | O84: =IFERROR(__xludf.DUMMYFUNCTION("""COMPUTED_VALUE"""),"학생") -> 학생 | P84: =IFERROR(__xludf.DUMMYFUNCTION("""COMPUTED_VALUE"""),"노픽업") -> 노픽업 | Q84: =IFERROR(__xludf.DUMMYFUNCTION("""COMPUTED_VALUE"""),"깡패") -> 깡패
A85: G251105011555 | B85: 2025-11-05 01:15 | C85: 신형만 (30)<br>참치 (26)<br>기재 (21)<br>깡패 (15) | D85: 5 | E85: 솔 (-20)<br>노픽업 (-15)<br>학생 (-15)<br>넘버 (-21) | F85: 0 | G85: 45966.053 | H85: 시즌14 | I85: 깡패,신형만,참치,솔,넘버 | J85: =IFERROR(__xludf.DUMMYFUNCTION("ARRAYFORMULA(REGEXEXTRACT(SPLIT(C85, ""<br>""), ""([가-힣A-Za-z]+)""))"),"신형만") -> 신형만 | K85: =IFERROR(__xludf.DUMMYFUNCTION("""COMPUTED_VALUE"""),"참치") -> 참치 | L85: =IFERROR(__xludf.DUMMYFUNCTION("""COMPUTED_VALUE"""),"기재") -> 기재 | M85: =IFERROR(__xludf.DUMMYFUNCTION("""COMPUTED_VALUE"""),"깡패") -> 깡패 | N85: =IFERROR(__xludf.DUMMYFUNCTION("ARRAYFORMULA(REGEXEXTRACT(SPLIT(E85, ""<br>""), ""([가-힣A-Za-z]+)""))"),"솔") -> 솔 | O85: =IFERROR(__xludf.DUMMYFUNCTION("""COMPUTED_VALUE"""),"노픽업") -> 노픽업 | P85: =IFERROR(__xludf.DUMMYFUNCTION("""COMPUTED_VALUE"""),"학생") -> 학생 | Q85: =IFERROR(__xludf.DUMMYFUNCTION("""COMPUTED_VALUE"""),"넘버") -> 넘버
A86: G251105004305 | B86: 2025-11-05 00:43 | C86: 신형만 (37)<br>참치 (34)<br>규식 (22)<br>넘버 (22) | D86: 5 | E86: 깡패 (-15)<br>테리 (-15)<br>기재 (-12)<br>솔 (-14) | F86: 3 | G86: 45966.03 | H86: 시즌14 | I86: 깡패,신형만,참치,솔,넘버 | J86: =IFERROR(__xludf.DUMMYFUNCTION("ARRAYFORMULA(REGEXEXTRACT(SPLIT(C86, ""<br>""), ""([가-힣A-Za-z]+)""))"),"신형만") -> 신형만 | K86: =IFERROR(__xludf.DUMMYFUNCTION("""COMPUTED_VALUE"""),"참치") -> 참치 | L86: =IFERROR(__xludf.DUMMYFUNCTION("""COMPUTED_VALUE"""),"규식") -> 규식 | M86: =IFERROR(__xludf.DUMMYFUNCTION("""COMPUTED_VALUE"""),"넘버") -> 넘버 | N86: =IFERROR(__xludf.DUMMYFUNCTION("ARRAYFORMULA(REGEXEXTRACT(SPLIT(E86, ""<br>""), ""([가-힣A-Za-z]+)""))"),"깡패") -> 깡패 | O86: =IFERROR(__xludf.DUMMYFUNCTION("""COMPUTED_VALUE"""),"테리") -> 테리 | P86: =IFERROR(__xludf.DUMMYFUNCTION("""COMPUTED_VALUE"""),"기재") -> 기재 | Q86: =IFERROR(__xludf.DUMMYFUNCTION("""COMPUTED_VALUE"""),"솔") -> 솔
A87: G251104234956 | B87: 2025-11-04 23:49 | C87: 솔 (15)<br>규식 (13)<br>넘버 (12)<br>깡패 (11) | D87: 5 | E87: 기재 (-14)<br>ACDC (-11)<br>신형만 (-12)<br>참치 (-13) | F87: 1 | G87: 45965.993 | H87: 시즌14 | I87: 깡패,신형만,참치,솔,넘버 | J87: =IFERROR(__xludf.DUMMYFUNCTION("ARRAYFORMULA(REGEXEXTRACT(SPLIT(C87, ""<br>""), ""([가-힣A-Za-z]+)""))"),"솔") -> 솔 | K87: =IFERROR(__xludf.DUMMYFUNCTION("""COMPUTED_VALUE"""),"규식") -> 규식 | L87: =IFERROR(__xludf.DUMMYFUNCTION("""COMPUTED_VALUE"""),"넘버") -> 넘버 | M87: =IFERROR(__xludf.DUMMYFUNCTION("""COMPUTED_VALUE"""),"깡패") -> 깡패 | N87: =IFERROR(__xludf.DUMMYFUNCTION("ARRAYFORMULA(REGEXEXTRACT(SPLIT(E87, ""<br>""), ""([가-힣A-Za-z]+)""))"),"기재") -> 기재 | O87: =IFERROR(__xludf.DUMMYFUNCTION("""COMPUTED_VALUE"""),"ACDC") -> ACDC | P87: =IFERROR(__xludf.DUMMYFUNCTION("""COMPUTED_VALUE"""),"신형만") -> 신형만 | Q87: =IFERROR(__xludf.DUMMYFUNCTION("""COMPUTED_VALUE"""),"참치") -> 참치
A88: G251104232722 | B88: 2025-11-04 23:27 | C88: 깡패 (16)<br>원 (20)<br>ACDC (29)<br>기재 (21) | D88: 5 | E88: 참치 (-15)<br>신형만 (-14)<br>규식 (-17)<br>솔 (-18) | F88: 1 | G88: 45965.977 | H88: 시즌14 | I88: 깡패,신형만,참치,솔,원 | J88: =IFERROR(__xludf.DUMMYFUNCTION("ARRAYFORMULA(REGEXEXTRACT(SPLIT(C88, ""<br>""), ""([가-힣A-Za-z]+)""))"),"깡패") -> 깡패 | K88: =IFERROR(__xludf.DUMMYFUNCTION("""COMPUTED_VALUE"""),"원") -> 원 | L88: =IFERROR(__xludf.DUMMYFUNCTION("""COMPUTED_VALUE"""),"ACDC") -> ACDC | M88: =IFERROR(__xludf.DUMMYFUNCTION("""COMPUTED_VALUE"""),"기재") -> 기재 | N88: =IFERROR(__xludf.DUMMYFUNCTION("ARRAYFORMULA(REGEXEXTRACT(SPLIT(E88, ""<br>""), ""([가-힣A-Za-z]+)""))"),"참치") -> 참치 | O88: =IFERROR(__xludf.DUMMYFUNCTION("""COMPUTED_VALUE"""),"신형만") -> 신형만 | P88: =IFERROR(__xludf.DUMMYFUNCTION("""COMPUTED_VALUE"""),"규식") -> 규식 | Q88: =IFERROR(__xludf.DUMMYFUNCTION("""COMPUTED_VALUE"""),"솔") -> 솔
A89: G251104221633 | B89: 2025-11-04 22:16 | C89: ACDC (31)<br>솔 (22)<br>참치 (30)<br>원 (23) | D89: 5 | E89: 기재 (-15)<br>테리 (-18)<br>한메 (-15)<br>짱구 (-15) | F89: 2 | G89: 45965.928 | H89: 시즌14 | I89: 원,참치,솔 | J89: =IFERROR(__xludf.DUMMYFUNCTION("ARRAYFORMULA(REGEXEXTRACT(SPLIT(C89, ""<br>""), ""([가-힣A-Za-z]+)""))"),"ACDC") -> ACDC | K89: =IFERROR(__xludf.DUMMYFUNCTION("""COMPUTED_VALUE"""),"솔") -> 솔 | L89: =IFERROR(__xludf.DUMMYFUNCTION("""COMPUTED_VALUE"""),"참치") -> 참치 | M89: =IFERROR(__xludf.DUMMYFUNCTION("""COMPUTED_VALUE"""),"원") -> 원 | N89: =IFERROR(__xludf.DUMMYFUNCTION("ARRAYFORMULA(REGEXEXTRACT(SPLIT(E89, ""<br>""), ""([가-힣A-Za-z]+)""))"),"기재") -> 기재 | O89: =IFERROR(__xludf.DUMMYFUNCTION("""COMPUTED_VALUE"""),"테리") -> 테리 | P89: =IFERROR(__xludf.DUMMYFUNCTION("""COMPUTED_VALUE"""),"한메") -> 한메 | Q89: =IFERROR(__xludf.DUMMYFUNCTION("""COMPUTED_VALUE"""),"짱구") -> 짱구
A90: G251104213501 | B90: 2025-11-04 21:34 | C90: 테리 (13)<br>넘버 (16)<br>한메 (21)<br>참치 (28) | D90: 5 | E90: 기재 (-16)<br>짱구 (-16)<br>ACDC (-12)<br>솔 (-17) | F90: 1 | G90: 45965.899 | H90: 시즌14 | I90: 넘버,참치,솔 | J90: =IFERROR(__xludf.DUMMYFUNCTION("ARRAYFORMULA(REGEXEXTRACT(SPLIT(C90, ""<br>""), ""([가-힣A-Za-z]+)""))"),"테리") -> 테리 | K90: =IFERROR(__xludf.DUMMYFUNCTION("""COMPUTED_VALUE"""),"넘버") -> 넘버 | L90: =IFERROR(__xludf.DUMMYFUNCTION("""COMPUTED_VALUE"""),"한메") -> 한메 | M90: =IFERROR(__xludf.DUMMYFUNCTION("""COMPUTED_VALUE"""),"참치") -> 참치 | N90: =IFERROR(__xludf.DUMMYFUNCTION("ARRAYFORMULA(REGEXEXTRACT(SPLIT(E90, ""<br>""), ""([가-힣A-Za-z]+)""))"),"기재") -> 기재 | O90: =IFERROR(__xludf.DUMMYFUNCTION("""COMPUTED_VALUE"""),"짱구") -> 짱구 | P90: =IFERROR(__xludf.DUMMYFUNCTION("""COMPUTED_VALUE"""),"ACDC") -> ACDC | Q90: =IFERROR(__xludf.DUMMYFUNCTION("""COMPUTED_VALUE"""),"솔") -> 솔
A91: G251104210742 | B91: 2025-11-04 21:07 | C91: 테리 (13)<br>짱구 (19)<br>기재 (21)<br>한메 (23) | D91: 5 | E91: 솔 (-12)<br>ACDC (-8)<br>넘버 (-12)<br>참치 (-10) | F91: 4 | G91: 45965.881 | H91: 시즌14 | I91: 넘버,솔,참치 | J91: =IFERROR(__xludf.DUMMYFUNCTION("ARRAYFORMULA(REGEXEXTRACT(SPLIT(C91, ""<br>""), ""([가-힣A-Za-z]+)""))"),"테리") -> 테리 | K91: =IFERROR(__xludf.DUMMYFUNCTION("""COMPUTED_VALUE"""),"짱구") -> 짱구 | L91: =IFERROR(__xludf.DUMMYFUNCTION("""COMPUTED_VALUE"""),"기재") -> 기재 | M91: =IFERROR(__xludf.DUMMYFUNCTION("""COMPUTED_VALUE"""),"한메") -> 한메 | N91: =IFERROR(__xludf.DUMMYFUNCTION("ARRAYFORMULA(REGEXEXTRACT(SPLIT(E91, ""<br>""), ""([가-힣A-Za-z]+)""))"),"솔") -> 솔 | O91: =IFERROR(__xludf.DUMMYFUNCTION("""COMPUTED_VALUE"""),"ACDC") -> ACDC | P91: =IFERROR(__xludf.DUMMYFUNCTION("""COMPUTED_VALUE"""),"넘버") -> 넘버 | Q91: =IFERROR(__xludf.DUMMYFUNCTION("""COMPUTED_VALUE"""),"참치") -> 참치
A92: G251104012750 | B92: 2025-11-04 01:27 | C92: 솔 (15)<br>넘버 (14)<br>기재 (18)<br>짱구 (17) | D92: 5 | E92: 신형만 (-9)<br>깡패 (-12)<br>ACDC (-8)<br>노픽업 (-9) | F92: 4 | G92: 45965.061 | H92: 시즌14 | I92: 깡패,신형만,솔,넘버 | J92: =IFERROR(__xludf.DUMMYFUNCTION("ARRAYFORMULA(REGEXEXTRACT(SPLIT(C92, ""<br>""), ""([가-힣A-Za-z]+)""))"),"솔") -> 솔 | K92: =IFERROR(__xludf.DUMMYFUNCTION("""COMPUTED_VALUE"""),"넘버") -> 넘버 | L92: =IFERROR(__xludf.DUMMYFUNCTION("""COMPUTED_VALUE"""),"기재") -> 기재 | M92: =IFERROR(__xludf.DUMMYFUNCTION("""COMPUTED_VALUE"""),"짱구") -> 짱구 | N92: =IFERROR(__xludf.DUMMYFUNCTION("ARRAYFORMULA(REGEXEXTRACT(SPLIT(E92, ""<br>""), ""([가-힣A-Za-z]+)""))"),"신형만") -> 신형만 | O92: =IFERROR(__xludf.DUMMYFUNCTION("""COMPUTED_VALUE"""),"깡패") -> 깡패 | P92: =IFERROR(__xludf.DUMMYFUNCTION("""COMPUTED_VALUE"""),"ACDC") -> ACDC | Q92: =IFERROR(__xludf.DUMMYFUNCTION("""COMPUTED_VALUE"""),"노픽업") -> 노픽업
A93: G251104011342 | B93: 2025-11-04 01:13 | C93: ACDC (32)<br>짱구 (24)<br>노픽업 (30)<br>기재 (25) | D93: 5 | E93: 넘버 (-16)<br>노인 (-15)<br>신형만 (-13)<br>깡패 (-16) | F93: 3 | G93: 45965.051 | H93: 시즌14 | I93: 깡패,신형만,넘버 | J93: =IFERROR(__xludf.DUMMYFUNCTION("ARRAYFORMULA(REGEXEXTRACT(SPLIT(C93, ""<br>""), ""([가-힣A-Za-z]+)""))"),"ACDC") -> ACDC | K93: =IFERROR(__xludf.DUMMYFUNCTION("""COMPUTED_VALUE"""),"짱구") -> 짱구 | L93: =IFERROR(__xludf.DUMMYFUNCTION("""COMPUTED_VALUE"""),"노픽업") -> 노픽업 | M93: =IFERROR(__xludf.DUMMYFUNCTION("""COMPUTED_VALUE"""),"기재") -> 기재 | N93: =IFERROR(__xludf.DUMMYFUNCTION("ARRAYFORMULA(REGEXEXTRACT(SPLIT(E93, ""<br>""), ""([가-힣A-Za-z]+)""))"),"넘버") -> 넘버 | O93: =IFERROR(__xludf.DUMMYFUNCTION("""COMPUTED_VALUE"""),"노인") -> 노인 | P93: =IFERROR(__xludf.DUMMYFUNCTION("""COMPUTED_VALUE"""),"신형만") -> 신형만 | Q93: =IFERROR(__xludf.DUMMYFUNCTION("""COMPUTED_VALUE"""),"깡패") -> 깡패
A94: G251104000421 | B94: 2025-11-04 00:04 | C94: ACDC (32)<br>깡패 (17)<br>학생 (30)<br>신형만 (34) | D94: 5 | E94: 솔 (-18)<br>노인 (-17)<br>기재 (-16)<br>짱구 (-16) | F94: 2 | G94: 45965.003 | H94: 시즌14 | I94: 깡패,신형만,솔 | J94: =IFERROR(__xludf.DUMMYFUNCTION("ARRAYFORMULA(REGEXEXTRACT(SPLIT(C94, ""<br>""), ""([가-힣A-Za-z]+)""))"),"ACDC") -> ACDC | K94: =IFERROR(__xludf.DUMMYFUNCTION("""COMPUTED_VALUE"""),"깡패") -> 깡패 | L94: =IFERROR(__xludf.DUMMYFUNCTION("""COMPUTED_VALUE"""),"학생") -> 학생 | M94: =IFERROR(__xludf.DUMMYFUNCTION("""COMPUTED_VALUE"""),"신형만") -> 신형만 | N94: =IFERROR(__xludf.DUMMYFUNCTION("ARRAYFORMULA(REGEXEXTRACT(SPLIT(E94, ""<br>""), ""([가-힣A-Za-z]+)""))"),"솔") -> 솔 | O94: =IFERROR(__xludf.DUMMYFUNCTION("""COMPUTED_VALUE"""),"노인") -> 노인 | P94: =IFERROR(__xludf.DUMMYFUNCTION("""COMPUTED_VALUE"""),"기재") -> 기재 | Q94: =IFERROR(__xludf.DUMMYFUNCTION("""COMPUTED_VALUE"""),"짱구") -> 짱구
A95: G251103231146 | B95: 2025-11-03 23:11 | C95: 노인 (15)<br>학생 (200)<br>솔 (14)<br>깡패 (12) | D95: 5 | E95: 신형만 (-12)<br>짱구 (-14)<br>ACDC (-10)<br>기재 (-14) | F95: 2 | G95: 45964.967 | H95: 시즌14 | I95: 깡패,신형만,솔 | J95: =IFERROR(__xludf.DUMMYFUNCTION("ARRAYFORMULA(REGEXEXTRACT(SPLIT(C95, ""<br>""), ""([가-힣A-Za-z]+)""))"),"노인") -> 노인 | K95: =IFERROR(__xludf.DUMMYFUNCTION("""COMPUTED_VALUE"""),"학생") -> 학생 | L95: =IFERROR(__xludf.DUMMYFUNCTION("""COMPUTED_VALUE"""),"솔") -> 솔 | M95: =IFERROR(__xludf.DUMMYFUNCTION("""COMPUTED_VALUE"""),"깡패") -> 깡패 | N95: =IFERROR(__xludf.DUMMYFUNCTION("ARRAYFORMULA(REGEXEXTRACT(SPLIT(E95, ""<br>""), ""([가-힣A-Za-z]+)""))"),"신형만") -> 신형만 | O95: =IFERROR(__xludf.DUMMYFUNCTION("""COMPUTED_VALUE"""),"짱구") -> 짱구 | P95: =IFERROR(__xludf.DUMMYFUNCTION("""COMPUTED_VALUE"""),"ACDC") -> ACDC | Q95: =IFERROR(__xludf.DUMMYFUNCTION("""COMPUTED_VALUE"""),"기재") -> 기재
A96: G251103222910 | B96: 2025-11-03 22:29 | C96: 솔 (15)<br>테리 (10)<br>기재 (17)<br>짱구 (16) | D96: 5 | E96: 깡패 (-16)<br>ACDC (-10)<br>신형만 (-12)<br>학생 (-) | F96: 2 | G96: 45964.937 | H96: 시즌14 | I96: 깡패,신형만,솔 | J96: =IFERROR(__xludf.DUMMYFUNCTION("ARRAYFORMULA(REGEXEXTRACT(SPLIT(C96, ""<br>""), ""([가-힣A-Za-z]+)""))"),"솔") -> 솔 | K96: =IFERROR(__xludf.DUMMYFUNCTION("""COMPUTED_VALUE"""),"테리") -> 테리 | L96: =IFERROR(__xludf.DUMMYFUNCTION("""COMPUTED_VALUE"""),"기재") -> 기재 | M96: =IFERROR(__xludf.DUMMYFUNCTION("""COMPUTED_VALUE"""),"짱구") -> 짱구 | N96: =IFERROR(__xludf.DUMMYFUNCTION("ARRAYFORMULA(REGEXEXTRACT(SPLIT(E96, ""<br>""), ""([가-힣A-Za-z]+)""))"),"깡패") -> 깡패 | O96: =IFERROR(__xludf.DUMMYFUNCTION("""COMPUTED_VALUE"""),"ACDC") -> ACDC | P96: =IFERROR(__xludf.DUMMYFUNCTION("""COMPUTED_VALUE"""),"신형만") -> 신형만 | Q96: =IFERROR(__xludf.DUMMYFUNCTION("""COMPUTED_VALUE"""),"학생") -> 학생
A97: G251103214553 | B97: 2025-11-03 21:45 | C97: 테리 (11)<br>규식 (13)<br>짱구 (16)<br>기재 (18) | D97: 5 | E97: 오딘 (-11)<br>학생 (-)<br>신형만 (-14)<br>깡패 (-19) | F97: 1 | G97: 45964.907 | H97: 시즌14 | I97: 깡패,신형만 | J97: =IFERROR(__xludf.DUMMYFUNCTION("ARRAYFORMULA(REGEXEXTRACT(SPLIT(C97, ""<br>""), ""([가-힣A-Za-z]+)""))"),"테리") -> 테리 | K97: =IFERROR(__xludf.DUMMYFUNCTION("""COMPUTED_VALUE"""),"규식") -> 규식 | L97: =IFERROR(__xludf.DUMMYFUNCTION("""COMPUTED_VALUE"""),"짱구") -> 짱구 | M97: =IFERROR(__xludf.DUMMYFUNCTION("""COMPUTED_VALUE"""),"기재") -> 기재 | N97: =IFERROR(__xludf.DUMMYFUNCTION("ARRAYFORMULA(REGEXEXTRACT(SPLIT(E97, ""<br>""), ""([가-힣A-Za-z]+)""))"),"오딘") -> 오딘 | O97: =IFERROR(__xludf.DUMMYFUNCTION("""COMPUTED_VALUE"""),"학생") -> 학생 | P97: =IFERROR(__xludf.DUMMYFUNCTION("""COMPUTED_VALUE"""),"신형만") -> 신형만 | Q97: =IFERROR(__xludf.DUMMYFUNCTION("""COMPUTED_VALUE"""),"깡패") -> 깡패
A98: G251103211400 | B98: 2025-11-03 21:13 | C98: 깡패 (13)<br>짱구 (19)<br>규식 (15)<br>학생 (-) | D98: 5 | E98: 기재 (-17)<br>오딘 (-13)<br>테리 (-21)<br>신형만 (-16) | F98: 0 | G98: 45964.885 | H98: 시즌14 | I98: 깡패,신형만 | J98: =IFERROR(__xludf.DUMMYFUNCTION("ARRAYFORMULA(REGEXEXTRACT(SPLIT(C98, ""<br>""), ""([가-힣A-Za-z]+)""))"),"깡패") -> 깡패 | K98: =IFERROR(__xludf.DUMMYFUNCTION("""COMPUTED_VALUE"""),"짱구") -> 짱구 | L98: =IFERROR(__xludf.DUMMYFUNCTION("""COMPUTED_VALUE"""),"규식") -> 규식 | M98: =IFERROR(__xludf.DUMMYFUNCTION("""COMPUTED_VALUE"""),"학생") -> 학생 | N98: =IFERROR(__xludf.DUMMYFUNCTION("ARRAYFORMULA(REGEXEXTRACT(SPLIT(E98, ""<br>""), ""([가-힣A-Za-z]+)""))"),"기재") -> 기재 | O98: =IFERROR(__xludf.DUMMYFUNCTION("""COMPUTED_VALUE"""),"오딘") -> 오딘 | P98: =IFERROR(__xludf.DUMMYFUNCTION("""COMPUTED_VALUE"""),"테리") -> 테리 | Q98: =IFERROR(__xludf.DUMMYFUNCTION("""COMPUTED_VALUE"""),"신형만") -> 신형만
A99: G251103012919 | B99: 2025-11-03 01:29 | C99: 신형만 (26)<br>짱구 (22)<br>노픽업 (28)<br>깡패 (16) | D99: 5 | E99: 기재 (-13)<br>넘버 (-15)<br>ACDC (-10)<br>규식 (-14) | F99: 3 | G99: 45964.062 | H99: 시즌14 | I99: 깡패,넘버 | J99: =IFERROR(__xludf.DUMMYFUNCTION("ARRAYFORMULA(REGEXEXTRACT(SPLIT(C99, ""<br>""), ""([가-힣A-Za-z]+)""))"),"신형만") -> 신형만 | K99: =IFERROR(__xludf.DUMMYFUNCTION("""COMPUTED_VALUE"""),"짱구") -> 짱구 | L99: =IFERROR(__xludf.DUMMYFUNCTION("""COMPUTED_VALUE"""),"노픽업") -> 노픽업 | M99: =IFERROR(__xludf.DUMMYFUNCTION("""COMPUTED_VALUE"""),"깡패") -> 깡패 | N99: =IFERROR(__xludf.DUMMYFUNCTION("ARRAYFORMULA(REGEXEXTRACT(SPLIT(E99, ""<br>""), ""([가-힣A-Za-z]+)""))"),"기재") -> 기재 | O99: =IFERROR(__xludf.DUMMYFUNCTION("""COMPUTED_VALUE"""),"넘버") -> 넘버 | P99: =IFERROR(__xludf.DUMMYFUNCTION("""COMPUTED_VALUE"""),"ACDC") -> ACDC | Q99: =IFERROR(__xludf.DUMMYFUNCTION("""COMPUTED_VALUE"""),"규식") -> 규식
A100: G251103003336 | B100: 2025-11-03 00:33 | C100: 넘버 (12)<br>깡패 (12)<br>기재 (17)<br>짱구 (18) | D100: 5 | E100: ACDC (-13)<br>규식 (-19)<br>신형만 (-15)<br>노픽업 (-14) | F100: 0 | G100: 45964.024 | H100: 시즌14 | I100: 깡패,넘버 | J100: =IFERROR(__xludf.DUMMYFUNCTION("ARRAYFORMULA(REGEXEXTRACT(SPLIT(C100, ""<br>""), ""([가-힣A-Za-z]+)""))"),"넘버") -> 넘버 | K100: =IFERROR(__xludf.DUMMYFUNCTION("""COMPUTED_VALUE"""),"깡패") -> 깡패 | L100: =IFERROR(__xludf.DUMMYFUNCTION("""COMPUTED_VALUE"""),"기재") -> 기재 | M100: =IFERROR(__xludf.DUMMYFUNCTION("""COMPUTED_VALUE"""),"짱구") -> 짱구 | N100: =IFERROR(__xludf.DUMMYFUNCTION("ARRAYFORMULA(REGEXEXTRACT(SPLIT(E100, ""<br>""), ""([가-힣A-Za-z]+)""))"),"ACDC") -> ACDC | O100: =IFERROR(__xludf.DUMMYFUNCTION("""COMPUTED_VALUE"""),"규식") -> 규식 | P100: =IFERROR(__xludf.DUMMYFUNCTION("""COMPUTED_VALUE"""),"신형만") -> 신형만 | Q100: =IFERROR(__xludf.DUMMYFUNCTION("""COMPUTED_VALUE"""),"노픽업") -> 노픽업
...

Sheet 시즌목록
A1: 과거시즌목록 | B1: 시작일 | C1: 마감일 | E1: 현재시즌 | F1: 시작일 | G1: 마감일 | H1: 티어 참조 시즌 | I1: 시즌 상태
A2: 시즌14 | B2: 25.09.27 | C2: 25.11.09 | E2: 시즌15 | F2: 25.11.10 | G2: 25.12.21 | H2: ="전적확인_" & A2 -> 전적확인_시즌14 | I2: 오픈
A3: 시즌13 | B3: 25.08.18 | C3: 25.09.27 | G3: ↑ 함수임. +40 시즌일정 맞춰서 넣으세욤
A4: 시즌12 | B4: 25.07.13 | C4: 25.08.17
A5: 시즌11 | B5: 25.05.10 | C5: 25.07.10
A6: 시즌10 | B6: 25.03.07 | C6: 25.04.27
A7: 시즌9 | B7: 25.01.29 | C7: 25.03.03
A8: 시즌8 | B8: 24.12.29 | C8: 25.01.27
A9: 시즌7 | B9: 24.11.24 | C9: 24.12.22
A10: 시즌6 | B10: 24.10.24 | C10: 24.11.17
A11: 시즌5 | B11: 24.09.02 | C11: 24.10.12
A12: 시즌4 | B12: 24.08.05 | C12: 24.08.28
A13: 시즌3 | B13: 24.07.16 | C13: 24.08.05
A14: 시즌2 | B14: 24.07.01 | C14: 24.07.16
A15: 시즌1 | B15: 24.06.11 | C15: 24.06.30
A16: 베타시즌 | B16: 24.06.02 | C16: 24.06.10

Sheet 듀오전적
A1: 시즌 | B1: 듀오조합 | C1: 승 | D1: 패 | E1: 승률
A2: 시즌15 | B2: 깡패&테리 | C2: 13 | D2: 5 | E2: =IFERROR(TEXT(C2/(C2+D2), "0.0%"), "N/A") -> 72.2%
A3: 시즌15 | B3: 신형만&테리 | C3: 13 | D3: 10 | E3: =IFERROR(TEXT(C3/(C3+D3), "0.0%"), "N/A") -> 56.5%
A4: 시즌15 | B4: 짱구&테리 | C4: 12 | D4: 8 | E4: =IFERROR(TEXT(C4/(C4+D4), "0.0%"), "N/A") -> 60.0%
A5: 시즌15 | B5: 테리&학생 | C5: 11 | D5: 6 | E5: =IFERROR(TEXT(C5/(C5+D5), "0.0%"), "N/A") -> 64.7%
A6: 시즌15 | B6: ACDC&테리 | C6: 11 | D6: 12 | E6: =IFERROR(TEXT(C6/(C6+D6), "0.0%"), "N/A") -> 47.8%
A7: 시즌15 | B7: 깡패&원 | C7: 10 | D7: 1 | E7: =IFERROR(TEXT(C7/(C7+D7), "0.0%"), "N/A") -> 90.9%
A8: 시즌15 | B8: 규식&테리 | C8: 10 | D8: 2 | E8: =IFERROR(TEXT(C8/(C8+D8), "0.0%"), "N/A") -> 83.3%
A9: 시즌15 | B9: ACDC&깡패 | C9: 10 | D9: 9 | E9: =IFERROR(TEXT(C9/(C9+D9), "0.0%"), "N/A") -> 52.6%
A10: 시즌15 | B10: 깡패&신형만 | C10: 10 | D10: 10 | E10: =IFERROR(TEXT(C10/(C10+D10), "0.0%"), "N/A") -> 50.0%
A11: 시즌15 | B11: 깡패&학생 | C11: 9 | D11: 5 | E11: =IFERROR(TEXT(C11/(C11+D11), "0.0%"), "N/A") -> 64.3%
A12: 시즌15 | B12: 신형만&학생 | C12: 9 | D12: 13 | E12: =IFERROR(TEXT(C12/(C12+D12), "0.0%"), "N/A") -> 40.9%
A13: 시즌15 | B13: 규식&학생 | C13: 8 | D13: 2 | E13: =IFERROR(TEXT(C13/(C13+D13), "0.0%"), "N/A") -> 80.0%
... A3367: 베타시즌 | B3367: 랄&전투쥐 | C3367: 0 | D3367: 1 | E3367: =IFERROR(TEXT(C3367/(C3367+D3367), "0.0%"), "N/A") -> 0.0%

Sheet 듀오전적전체
A1: =IFERROR(__xludf.DUMMYFUNCTION("QUERY('듀오전적'!A:D, ""select B, sum(C), sum(D), sum(C) / (sum(C) + sum(D)) where B is not null group by B order by sum(C) desc, sum(D) asc label sum(C) '총 승', sum(D) '총 패', sum(C) / (sum(C) + sum(D)) '승률' format sum(C) / (sum(C) + sum(D)) '0.0%'"", 1)"),"듀오조합") -> 듀오조합 | B1: =IFERROR(__xludf.DUMMYFUNCTION("""COMPUTED_VALUE"""),"총 승") -> 총 승 | C1: =IFERROR(__xludf.DUMMYFUNCTION("""COMPUTED_VALUE"""),"총 패") -> 총 패 | D1: =IFERROR(__xludf.DUMMYFUNCTION("""COMPUTED_VALUE"""),"승률") -> 승률
A2: =IFERROR(__xludf.DUMMYFUNCTION("""COMPUTED_VALUE"""),"깡패&신형만") -> 깡패&신형만 | B2: =IFERROR(__xludf.DUMMYFUNCTION("""COMPUTED_VALUE"""),271.0) -> 271 | C2: =IFERROR(__xludf.DUMMYFUNCTION("""COMPUTED_VALUE"""),234.0) -> 234 | D2: =IFERROR(__xludf.DUMMYFUNCTION("""COMPUTED_VALUE"""),0.5366336633663367) -> 0.53663366
A3: =IFERROR(__xludf.DUMMYFUNCTION("""COMPUTED_VALUE"""),"신형만&테리") -> 신형만&테리 | B3: =IFERROR(__xludf.DUMMYFUNCTION("""COMPUTED_VALUE"""),241.0) -> 241 | C3: =IFERROR(__xludf.DUMMYFUNCTION("""COMPUTED_VALUE"""),145.0) -> 145 | D3: =IFERROR(__xludf.DUMMYFUNCTION("""COMPUTED_VALUE"""),0.6243523316062176) -> 0.62435233
A4: =IFERROR(__xludf.DUMMYFUNCTION("""COMPUTED_VALUE"""),"깡패&테리") -> 깡패&테리 | B4: =IFERROR(__xludf.DUMMYFUNCTION("""COMPUTED_VALUE"""),222.0) -> 222 | C4: =IFERROR(__xludf.DUMMYFUNCTION("""COMPUTED_VALUE"""),118.0) -> 118 | D4: =IFERROR(__xludf.DUMMYFUNCTION("""COMPUTED_VALUE"""),0.6529411764705882) -> 0.65294118
A5: =IFERROR(__xludf.DUMMYFUNCTION("""COMPUTED_VALUE"""),"신형만&한메") -> 신형만&한메 | B5: =IFERROR(__xludf.DUMMYFUNCTION("""COMPUTED_VALUE"""),220.0) -> 220 | C5: =IFERROR(__xludf.DUMMYFUNCTION("""COMPUTED_VALUE"""),174.0) -> 174 | D5: =IFERROR(__xludf.DUMMYFUNCTION("""COMPUTED_VALUE"""),0.5583756345177665) -> 0.55837563
A6: =IFERROR(__xludf.DUMMYFUNCTION("""COMPUTED_VALUE"""),"ACDC&신형만") -> ACDC&신형만 | B6: =IFERROR(__xludf.DUMMYFUNCTION("""COMPUTED_VALUE"""),200.0) -> 200 | C6: =IFERROR(__xludf.DUMMYFUNCTION("""COMPUTED_VALUE"""),300.0) -> 300 | D6: =IFERROR(__xludf.DUMMYFUNCTION("""COMPUTED_VALUE"""),0.4) -> 0.4
A7: =IFERROR(__xludf.DUMMYFUNCTION("""COMPUTED_VALUE"""),"테리&한메") -> 테리&한메 | B7: =IFERROR(__xludf.DUMMYFUNCTION("""COMPUTED_VALUE"""),183.0) -> 183 | C7: =IFERROR(__xludf.DUMMYFUNCTION("""COMPUTED_VALUE"""),102.0) -> 102 | D7: =IFERROR(__xludf.DUMMYFUNCTION("""COMPUTED_VALUE"""),0.6421052631578947) -> 0.64210526
A8: =IFERROR(__xludf.DUMMYFUNCTION("""COMPUTED_VALUE"""),"노인&신형만") -> 노인&신형만 | B8: =IFERROR(__xludf.DUMMYFUNCTION("""COMPUTED_VALUE"""),178.0) -> 178 | C8: =IFERROR(__xludf.DUMMYFUNCTION("""COMPUTED_VALUE"""),174.0) -> 174 | D8: =IFERROR(__xludf.DUMMYFUNCTION("""COMPUTED_VALUE"""),0.5056818181818182) -> 0.50568182
A9: =IFERROR(__xludf.DUMMYFUNCTION("""COMPUTED_VALUE"""),"깡패&짱구") -> 깡패&짱구 | B9: =IFERROR(__xludf.DUMMYFUNCTION("""COMPUTED_VALUE"""),166.0) -> 166 | C9: =IFERROR(__xludf.DUMMYFUNCTION("""COMPUTED_VALUE"""),110.0) -> 110 | D9: =IFERROR(__xludf.DUMMYFUNCTION("""COMPUTED_VALUE"""),0.6014492753623188) -> 0.60144928
A10: =IFERROR(__xludf.DUMMYFUNCTION("""COMPUTED_VALUE"""),"신형만&짱구") -> 신형만&짱구 | B10: =IFERROR(__xludf.DUMMYFUNCTION("""COMPUTED_VALUE"""),165.0) -> 165 | C10: =IFERROR(__xludf.DUMMYFUNCTION("""COMPUTED_VALUE"""),116.0) -> 116 | D10: =IFERROR(__xludf.DUMMYFUNCTION("""COMPUTED_VALUE"""),0.5871886120996441) -> 0.58718861
A11: =IFERROR(__xludf.DUMMYFUNCTION("""COMPUTED_VALUE"""),"노인&테리") -> 노인&테리 | B11: =IFERROR(__xludf.DUMMYFUNCTION("""COMPUTED_VALUE"""),163.0) -> 163 | C11: =IFERROR(__xludf.DUMMYFUNCTION("""COMPUTED_VALUE"""),86.0) -> 86 | D11: =IFERROR(__xludf.DUMMYFUNCTION("""COMPUTED_VALUE"""),0.6546184738955824) -> 0.65461847
A12: =IFERROR(__xludf.DUMMYFUNCTION("""COMPUTED_VALUE"""),"깡패&한메") -> 깡패&한메 | B12: =IFERROR(__xludf.DUMMYFUNCTION("""COMPUTED_VALUE"""),160.0) -> 160 | C12: =IFERROR(__xludf.DUMMYFUNCTION("""COMPUTED_VALUE"""),169.0) -> 169 | D12: =IFERROR(__xludf.DUMMYFUNCTION("""COMPUTED_VALUE"""),0.48632218844984804) -> 0.48632219
A13: =IFERROR(__xludf.DUMMYFUNCTION("""COMPUTED_VALUE"""),"ACDC&깡패") -> ACDC&깡패 | B13: =IFERROR(__xludf.DUMMYFUNCTION("""COMPUTED_VALUE"""),143.0) -> 143 | C13: =IFERROR(__xludf.DUMMYFUNCTION("""COMPUTED_VALUE"""),267.0) -> 267 | D13: =IFERROR(__xludf.DUMMYFUNCTION("""COMPUTED_VALUE"""),0.348780487804878) -> 0.34878049
A14: =IFERROR(__xludf.DUMMYFUNCTION("""COMPUTED_VALUE"""),"신형만&원") -> 신형만&원 | B14: =IFERROR(__xludf.DUMMYFUNCTION("""COMPUTED_VALUE"""),142.0) -> 142 | C14: =IFERROR(__xludf.DUMMYFUNCTION("""COMPUTED_VALUE"""),59.0) -> 59 | D14: =IFERROR(__xludf.DUMMYFUNCTION("""COMPUTED_VALUE"""),0.7064676616915423) -> 0.70646766
A15: =IFERROR(__xludf.DUMMYFUNCTION("""COMPUTED_VALUE"""),"깡패&노인") -> 깡패&노인 | B15: =IFERROR(__xludf.DUMMYFUNCTION("""COMPUTED_VALUE"""),142.0) -> 142 | C15: =IFERROR(__xludf.DUMMYFUNCTION("""COMPUTED_VALUE"""),133.0) -> 133 | D15: =IFERROR(__xludf.DUMMYFUNCTION("""COMPUTED_VALUE"""),0.5163636363636364) -> 0.51636364
A16: =IFERROR(__xludf.DUMMYFUNCTION("""COMPUTED_VALUE"""),"ACDC&테리") -> ACDC&테리 | B16: =IFERROR(__xludf.DUMMYFUNCTION("""COMPUTED_VALUE"""),135.0) -> 135 | C16: =IFERROR(__xludf.DUMMYFUNCTION("""COMPUTED_VALUE"""),150.0) -> 150 | D16: =IFERROR(__xludf.DUMMYFUNCTION("""COMPUTED_VALUE"""),0.47368421052631576) -> 0.47368421
A17: =IFERROR(__xludf.DUMMYFUNCTION("""COMPUTED_VALUE"""),"강화&신형만") -> 강화&신형만 | B17: =IFERROR(__xludf.DUMMYFUNCTION("""COMPUTED_VALUE"""),121.0) -> 121 | C17: =IFERROR(__xludf.DUMMYFUNCTION("""COMPUTED_VALUE"""),136.0) -> 136 | D17: =IFERROR(__xludf.DUMMYFUNCTION("""COMPUTED_VALUE"""),0.4708171206225681) -> 0.47081712
A18: =IFERROR(__xludf.DUMMYFUNCTION("""COMPUTED_VALUE"""),"깡패&원") -> 깡패&원 | B18: =IFERROR(__xludf.DUMMYFUNCTION("""COMPUTED_VALUE"""),119.0) -> 119 | C18: =IFERROR(__xludf.DUMMYFUNCTION("""COMPUTED_VALUE"""),45.0) -> 45 | D18: =IFERROR(__xludf.DUMMYFUNCTION("""COMPUTED_VALUE"""),0.725609756097561) -> 0.72560976
A19: =IFERROR(__xludf.DUMMYFUNCTION("""COMPUTED_VALUE"""),"짱구&테리") -> 짱구&테리 | B19: =IFERROR(__xludf.DUMMYFUNCTION("""COMPUTED_VALUE"""),118.0) -> 118 | C19: =IFERROR(__xludf.DUMMYFUNCTION("""COMPUTED_VALUE"""),56.0) -> 56 | D19: =IFERROR(__xludf.DUMMYFUNCTION("""COMPUTED_VALUE"""),0.6781609195402298) -> 0.67816092
A20: =IFERROR(__xludf.DUMMYFUNCTION("""COMPUTED_VALUE"""),"ACDC&한메") -> ACDC&한메 | B20: =IFERROR(__xludf.DUMMYFUNCTION("""COMPUTED_VALUE"""),118.0) -> 118 | C20: =IFERROR(__xludf.DUMMYFUNCTION("""COMPUTED_VALUE"""),212.0) -> 212 | D20: =IFERROR(__xludf.DUMMYFUNCTION("""COMPUTED_VALUE"""),0.3575757575757576) -> 0.35757576
A21: =IFERROR(__xludf.DUMMYFUNCTION("""COMPUTED_VALUE"""),"신형만&재우") -> 신형만&재우 | B21: =IFERROR(__xludf.DUMMYFUNCTION("""COMPUTED_VALUE"""),113.0) -> 113 | C21: =IFERROR(__xludf.DUMMYFUNCTION("""COMPUTED_VALUE"""),72.0) -> 72 | D21: =IFERROR(__xludf.DUMMYFUNCTION("""COMPUTED_VALUE"""),0.6108108108108108) -> 0.61081081
A22: =IFERROR(__xludf.DUMMYFUNCTION("""COMPUTED_VALUE"""),"원&테리") -> 원&테리 | B22: =IFERROR(__xludf.DUMMYFUNCTION("""COMPUTED_VALUE"""),110.0) -> 110 | C22: =IFERROR(__xludf.DUMMYFUNCTION("""COMPUTED_VALUE"""),34.0) -> 34 | D22: =IFERROR(__xludf.DUMMYFUNCTION("""COMPUTED_VALUE"""),0.7638888888888888) -> 0.76388889
A23: =IFERROR(__xludf.DUMMYFUNCTION("""COMPUTED_VALUE"""),"노인&한메") -> 노인&한메 | B23: =IFERROR(__xludf.DUMMYFUNCTION("""COMPUTED_VALUE"""),110.0) -> 110 | C23: =IFERROR(__xludf.DUMMYFUNCTION("""COMPUTED_VALUE"""),120.0) -> 120 | D23: =IFERROR(__xludf.DUMMYFUNCTION("""COMPUTED_VALUE"""),0.4782608695652174) -> 0.47826087
A24: =IFERROR(__xludf.DUMMYFUNCTION("""COMPUTED_VALUE"""),"짱구&한메") -> 짱구&한메 | B24: =IFERROR(__xludf.DUMMYFUNCTION("""COMPUTED_VALUE"""),109.0) -> 109 | C24: =IFERROR(__xludf.DUMMYFUNCTION("""COMPUTED_VALUE"""),73.0) -> 73 | D24: =IFERROR(__xludf.DUMMYFUNCTION("""COMPUTED_VALUE"""),0.5989010989010989) -> 0.5989011
A25: =IFERROR(__xludf.DUMMYFUNCTION("""COMPUTED_VALUE"""),"ACDC&짱구") -> ACDC&짱구 | B25: =IFERROR(__xludf.DUMMYFUNCTION("""COMPUTED_VALUE"""),103.0) -> 103 | C25: =IFERROR(__xludf.DUMMYFUNCTION("""COMPUTED_VALUE"""),129.0) -> 129 | D25: =IFERROR(__xludf.DUMMYFUNCTION("""COMPUTED_VALUE"""),0.44396551724137934) -> 0.44396552
A26: =IFERROR(__xludf.DUMMYFUNCTION("""COMPUTED_VALUE"""),"넘버&신형만") -> 넘버&신형만 | B26: =IFERROR(__xludf.DUMMYFUNCTION("""COMPUTED_VALUE"""),99.0) -> 99 | C26: =IFERROR(__xludf.DUMMYFUNCTION("""COMPUTED_VALUE"""),81.0) -> 81 | D26: =IFERROR(__xludf.DUMMYFUNCTION("""COMPUTED_VALUE"""),0.55) -> 0.55
A27: =IFERROR(__xludf.DUMMYFUNCTION("""COMPUTED_VALUE"""),"노인&원") -> 노인&원 | B27: =IFERROR(__xludf.DUMMYFUNCTION("""COMPUTED_VALUE"""),96.0) -> 96 | C27: =IFERROR(__xludf.DUMMYFUNCTION("""COMPUTED_VALUE"""),55.0) -> 55 | D27: =IFERROR(__xludf.DUMMYFUNCTION("""COMPUTED_VALUE"""),0.6357615894039735) -> 0.63576159
A28: =IFERROR(__xludf.DUMMYFUNCTION("""COMPUTED_VALUE"""),"깡패&재우") -> 깡패&재우 | B28: =IFERROR(__xludf.DUMMYFUNCTION("""COMPUTED_VALUE"""),94.0) -> 94 | C28: =IFERROR(__xludf.DUMMYFUNCTION("""COMPUTED_VALUE"""),81.0) -> 81 | D28: =IFERROR(__xludf.DUMMYFUNCTION("""COMPUTED_VALUE"""),0.5371428571428571) -> 0.53714286
A29: =IFERROR(__xludf.DUMMYFUNCTION("""COMPUTED_VALUE"""),"노인&짱구") -> 노인&짱구 | B29: =IFERROR(__xludf.DUMMYFUNCTION("""COMPUTED_VALUE"""),90.0) -> 90 | C29: =IFERROR(__xludf.DUMMYFUNCTION("""COMPUTED_VALUE"""),59.0) -> 59 | D29: =IFERROR(__xludf.DUMMYFUNCTION("""COMPUTED_VALUE"""),0.6040268456375839) -> 0.60402685
A30: =IFERROR(__xludf.DUMMYFUNCTION("""COMPUTED_VALUE"""),"신형만&참치") -> 신형만&참치 | B30: =IFERROR(__xludf.DUMMYFUNCTION("""COMPUTED_VALUE"""),87.0) -> 87 | C30: =IFERROR(__xludf.DUMMYFUNCTION("""COMPUTED_VALUE"""),90.0) -> 90 | D30: =IFERROR(__xludf.DUMMYFUNCTION("""COMPUTED_VALUE"""),0.4915254237288136) -> 0.49152542
A31: =IFERROR(__xludf.DUMMYFUNCTION("""COMPUTED_VALUE"""),"넘버&테리") -> 넘버&테리 | B31: =IFERROR(__xludf.DUMMYFUNCTION("""COMPUTED_VALUE"""),85.0) -> 85 | C31: =IFERROR(__xludf.DUMMYFUNCTION("""COMPUTED_VALUE"""),34.0) -> 34 | D31: =IFERROR(__xludf.DUMMYFUNCTION("""COMPUTED_VALUE"""),0.7142857142857143) -> 0.71428571
A32: =IFERROR(__xludf.DUMMYFUNCTION("""COMPUTED_VALUE"""),"깡패&넘버") -> 깡패&넘버 | B32: =IFERROR(__xludf.DUMMYFUNCTION("""COMPUTED_VALUE"""),85.0) -> 85 | C32: =IFERROR(__xludf.DUMMYFUNCTION("""COMPUTED_VALUE"""),43.0) -> 43 | D32: =IFERROR(__xludf.DUMMYFUNCTION("""COMPUTED_VALUE"""),0.6640625) -> 0.6640625
A33: =IFERROR(__xludf.DUMMYFUNCTION("""COMPUTED_VALUE"""),"재우&한메") -> 재우&한메 | B33: =IFERROR(__xludf.DUMMYFUNCTION("""COMPUTED_VALUE"""),85.0) -> 85 | C33: =IFERROR(__xludf.DUMMYFUNCTION("""COMPUTED_VALUE"""),66.0) -> 66 | D33: =IFERROR(__xludf.DUMMYFUNCTION("""COMPUTED_VALUE"""),0.5629139072847682) -> 0.56291391
A34: =IFERROR(__xludf.DUMMYFUNCTION("""COMPUTED_VALUE"""),"ACDC&노인") -> ACDC&노인 | B34: =IFERROR(__xludf.DUMMYFUNCTION("""COMPUTED_VALUE"""),84.0) -> 84 | C34: =IFERROR(__xludf.DUMMYFUNCTION("""COMPUTED_VALUE"""),154.0) -> 154 | D34: =IFERROR(__xludf.DUMMYFUNCTION("""COMPUTED_VALUE"""),0.35294117647058826) -> 0.35294118
A35: =IFERROR(__xludf.DUMMYFUNCTION("""COMPUTED_VALUE"""),"원&참치") -> 원&참치 | B35: =IFERROR(__xludf.DUMMYFUNCTION("""COMPUTED_VALUE"""),82.0) -> 82 | C35: =IFERROR(__xludf.DUMMYFUNCTION("""COMPUTED_VALUE"""),28.0) -> 28 | D35: =IFERROR(__xludf.DUMMYFUNCTION("""COMPUTED_VALUE"""),0.7454545454545455) -> 0.74545455
A36: =IFERROR(__xludf.DUMMYFUNCTION("""COMPUTED_VALUE"""),"깡패&참치") -> 깡패&참치 | B36: =IFERROR(__xludf.DUMMYFUNCTION("""COMPUTED_VALUE"""),80.0) -> 80 | C36: =IFERROR(__xludf.DUMMYFUNCTION("""COMPUTED_VALUE"""),57.0) -> 57 | D36: =IFERROR(__xludf.DUMMYFUNCTION("""COMPUTED_VALUE"""),0.583941605839416) -> 0.58394161
A37: =IFERROR(__xludf.DUMMYFUNCTION("""COMPUTED_VALUE"""),"신형만&재명") -> 신형만&재명 | B37: =IFERROR(__xludf.DUMMYFUNCTION("""COMPUTED_VALUE"""),79.0) -> 79 | C37: =IFERROR(__xludf.DUMMYFUNCTION("""COMPUTED_VALUE"""),56.0) -> 56 | D37: =IFERROR(__xludf.DUMMYFUNCTION("""COMPUTED_VALUE"""),0.5851851851851851) -> 0.58518519
A38: =IFERROR(__xludf.DUMMYFUNCTION("""COMPUTED_VALUE"""),"강화&깡패") -> 강화&깡패 | B38: =IFERROR(__xludf.DUMMYFUNCTION("""COMPUTED_VALUE"""),78.0) -> 78 | C38: =IFERROR(__xludf.DUMMYFUNCTION("""COMPUTED_VALUE"""),121.0) -> 121 | D38: =IFERROR(__xludf.DUMMYFUNCTION("""COMPUTED_VALUE"""),0.39195979899497485) -> 0.3919598
A39: =IFERROR(__xludf.DUMMYFUNCTION("""COMPUTED_VALUE"""),"재우&테리") -> 재우&테리 | B39: =IFERROR(__xludf.DUMMYFUNCTION("""COMPUTED_VALUE"""),71.0) -> 71 | C39: =IFERROR(__xludf.DUMMYFUNCTION("""COMPUTED_VALUE"""),40.0) -> 40 | D39: =IFERROR(__xludf.DUMMYFUNCTION("""COMPUTED_VALUE"""),0.6396396396396397) -> 0.63963964
A40: =IFERROR(__xludf.DUMMYFUNCTION("""COMPUTED_VALUE"""),"원&짱구") -> 원&짱구 | B40: =IFERROR(__xludf.DUMMYFUNCTION("""COMPUTED_VALUE"""),70.0) -> 70 | C40: =IFERROR(__xludf.DUMMYFUNCTION("""COMPUTED_VALUE"""),22.0) -> 22 | D40: =IFERROR(__xludf.DUMMYFUNCTION("""COMPUTED_VALUE"""),0.7608695652173914) -> 0.76086957
A41: =IFERROR(__xludf.DUMMYFUNCTION("""COMPUTED_VALUE"""),"참치&테리") -> 참치&테리 | B41: =IFERROR(__xludf.DUMMYFUNCTION("""COMPUTED_VALUE"""),69.0) -> 69 | C41: =IFERROR(__xludf.DUMMYFUNCTION("""COMPUTED_VALUE"""),41.0) -> 41 | D41: =IFERROR(__xludf.DUMMYFUNCTION("""COMPUTED_VALUE"""),0.6272727272727273) -> 0.62727273
A42: =IFERROR(__xludf.DUMMYFUNCTION("""COMPUTED_VALUE"""),"ACDC&재우") -> ACDC&재우 | B42: =IFERROR(__xludf.DUMMYFUNCTION("""COMPUTED_VALUE"""),69.0) -> 69 | C42: =IFERROR(__xludf.DUMMYFUNCTION("""COMPUTED_VALUE"""),89.0) -> 89 | D42: =IFERROR(__xludf.DUMMYFUNCTION("""COMPUTED_VALUE"""),0.43670886075949367) -> 0.43670886
A43: =IFERROR(__xludf.DUMMYFUNCTION("""COMPUTED_VALUE"""),"강화&한메") -> 강화&한메 | B43: =IFERROR(__xludf.DUMMYFUNCTION("""COMPUTED_VALUE"""),68.0) -> 68 | C43: =IFERROR(__xludf.DUMMYFUNCTION("""COMPUTED_VALUE"""),96.0) -> 96 | D43: =IFERROR(__xludf.DUMMYFUNCTION("""COMPUTED_VALUE"""),0.4146341463414634) -> 0.41463415
A44: =IFERROR(__xludf.DUMMYFUNCTION("""COMPUTED_VALUE"""),"넘버&원") -> 넘버&원 | B44: =IFERROR(__xludf.DUMMYFUNCTION("""COMPUTED_VALUE"""),67.0) -> 67 | C44: =IFERROR(__xludf.DUMMYFUNCTION("""COMPUTED_VALUE"""),23.0) -> 23 | D44: =IFERROR(__xludf.DUMMYFUNCTION("""COMPUTED_VALUE"""),0.7444444444444445) -> 0.74444444
A45: =IFERROR(__xludf.DUMMYFUNCTION("""COMPUTED_VALUE"""),"원&한메") -> 원&한메 | B45: =IFERROR(__xludf.DUMMYFUNCTION("""COMPUTED_VALUE"""),66.0) -> 66 | C45: =IFERROR(__xludf.DUMMYFUNCTION("""COMPUTED_VALUE"""),34.0) -> 34 | D45: =IFERROR(__xludf.DUMMYFUNCTION("""COMPUTED_VALUE"""),0.66) -> 0.66
A46: =IFERROR(__xludf.DUMMYFUNCTION("""COMPUTED_VALUE"""),"규식&테리") -> 규식&테리 | B46: =IFERROR(__xludf.DUMMYFUNCTION("""COMPUTED_VALUE"""),61.0) -> 61 | C46: =IFERROR(__xludf.DUMMYFUNCTION("""COMPUTED_VALUE"""),18.0) -> 18 | D46: =IFERROR(__xludf.DUMMYFUNCTION("""COMPUTED_VALUE"""),0.7721518987341772) -> 0.7721519
A47: =IFERROR(__xludf.DUMMYFUNCTION("""COMPUTED_VALUE"""),"넘버&노인") -> 넘버&노인 | B47: =IFERROR(__xludf.DUMMYFUNCTION("""COMPUTED_VALUE"""),60.0) -> 60 | C47: =IFERROR(__xludf.DUMMYFUNCTION("""COMPUTED_VALUE"""),54.0) -> 54 | D47: =IFERROR(__xludf.DUMMYFUNCTION("""COMPUTED_VALUE"""),0.5263157894736842) -> 0.52631579
A48: =IFERROR(__xludf.DUMMYFUNCTION("""COMPUTED_VALUE"""),"강화&짱구") -> 강화&짱구 | B48: =IFERROR(__xludf.DUMMYFUNCTION("""COMPUTED_VALUE"""),59.0) -> 59 | C48: =IFERROR(__xludf.DUMMYFUNCTION("""COMPUTED_VALUE"""),61.0) -> 61 | D48: =IFERROR(__xludf.DUMMYFUNCTION("""COMPUTED_VALUE"""),0.49166666666666664) -> 0.49166667
A49: =IFERROR(__xludf.DUMMYFUNCTION("""COMPUTED_VALUE"""),"넘버&한메") -> 넘버&한메 | B49: =IFERROR(__xludf.DUMMYFUNCTION("""COMPUTED_VALUE"""),58.0) -> 58 | C49: =IFERROR(__xludf.DUMMYFUNCTION("""COMPUTED_VALUE"""),42.0) -> 42 | D49: =IFERROR(__xludf.DUMMYFUNCTION("""COMPUTED_VALUE"""),0.58) -> 0.58
A50: =IFERROR(__xludf.DUMMYFUNCTION("""COMPUTED_VALUE"""),"재우&짱구") -> 재우&짱구 | B50: =IFERROR(__xludf.DUMMYFUNCTION("""COMPUTED_VALUE"""),56.0) -> 56 | C50: =IFERROR(__xludf.DUMMYFUNCTION("""COMPUTED_VALUE"""),28.0) -> 28 | D50: =IFERROR(__xludf.DUMMYFUNCTION("""COMPUTED_VALUE"""),0.6666666666666666) -> 0.66666667
A51: =IFERROR(__xludf.DUMMYFUNCTION("""COMPUTED_VALUE"""),"강화&테리") -> 강화&테리 | B51: =IFERROR(__xludf.DUMMYFUNCTION("""COMPUTED_VALUE"""),56.0) -> 56 | C51: =IFERROR(__xludf.DUMMYFUNCTION("""COMPUTED_VALUE"""),36.0) -> 36 | D51: =IFERROR(__xludf.DUMMYFUNCTION("""COMPUTED_VALUE"""),0.6086956521739131) -> 0.60869565
A52: =IFERROR(__xludf.DUMMYFUNCTION("""COMPUTED_VALUE"""),"ACDC&원") -> ACDC&원 | B52: =IFERROR(__xludf.DUMMYFUNCTION("""COMPUTED_VALUE"""),56.0) -> 56 | C52: =IFERROR(__xludf.DUMMYFUNCTION("""COMPUTED_VALUE"""),45.0) -> 45 | D52: =IFERROR(__xludf.DUMMYFUNCTION("""COMPUTED_VALUE"""),0.5544554455445545) -> 0.55445545
A53: =IFERROR(__xludf.DUMMYFUNCTION("""COMPUTED_VALUE"""),"깡패&태식") -> 깡패&태식 | B53: =IFERROR(__xludf.DUMMYFUNCTION("""COMPUTED_VALUE"""),55.0) -> 55 | C53: =IFERROR(__xludf.DUMMYFUNCTION("""COMPUTED_VALUE"""),45.0) -> 45 | D53: =IFERROR(__xludf.DUMMYFUNCTION("""COMPUTED_VALUE"""),0.55) -> 0.55
A54: =IFERROR(__xludf.DUMMYFUNCTION("""COMPUTED_VALUE"""),"강화&재우") -> 강화&재우 | B54: =IFERROR(__xludf.DUMMYFUNCTION("""COMPUTED_VALUE"""),55.0) -> 55 | C54: =IFERROR(__xludf.DUMMYFUNCTION("""COMPUTED_VALUE"""),70.0) -> 70 | D54: =IFERROR(__xludf.DUMMYFUNCTION("""COMPUTED_VALUE"""),0.44) -> 0.44
A55: =IFERROR(__xludf.DUMMYFUNCTION("""COMPUTED_VALUE"""),"재명&한메") -> 재명&한메 | B55: =IFERROR(__xludf.DUMMYFUNCTION("""COMPUTED_VALUE"""),54.0) -> 54 | C55: =IFERROR(__xludf.DUMMYFUNCTION("""COMPUTED_VALUE"""),61.0) -> 61 | D55: =IFERROR(__xludf.DUMMYFUNCTION("""COMPUTED_VALUE"""),0.46956521739130436) -> 0.46956522
A56: =IFERROR(__xludf.DUMMYFUNCTION("""COMPUTED_VALUE"""),"ACDC&강화") -> ACDC&강화 | B56: =IFERROR(__xludf.DUMMYFUNCTION("""COMPUTED_VALUE"""),54.0) -> 54 | C56: =IFERROR(__xludf.DUMMYFUNCTION("""COMPUTED_VALUE"""),164.0) -> 164 | D56: =IFERROR(__xludf.DUMMYFUNCTION("""COMPUTED_VALUE"""),0.24770642201834864) -> 0.24770642
A57: =IFERROR(__xludf.DUMMYFUNCTION("""COMPUTED_VALUE"""),"신형만&태식") -> 신형만&태식 | B57: =IFERROR(__xludf.DUMMYFUNCTION("""COMPUTED_VALUE"""),53.0) -> 53 | C57: =IFERROR(__xludf.DUMMYFUNCTION("""COMPUTED_VALUE"""),49.0) -> 49 | D57: =IFERROR(__xludf.DUMMYFUNCTION("""COMPUTED_VALUE"""),0.5196078431372549) -> 0.51960784
A58: =IFERROR(__xludf.DUMMYFUNCTION("""COMPUTED_VALUE"""),"규식&깡패") -> 규식&깡패 | B58: =IFERROR(__xludf.DUMMYFUNCTION("""COMPUTED_VALUE"""),50.0) -> 50 | C58: =IFERROR(__xludf.DUMMYFUNCTION("""COMPUTED_VALUE"""),29.0) -> 29 | D58: =IFERROR(__xludf.DUMMYFUNCTION("""COMPUTED_VALUE"""),0.6329113924050633) -> 0.63291139
A59: =IFERROR(__xludf.DUMMYFUNCTION("""COMPUTED_VALUE"""),"넘버&참치") -> 넘버&참치 | B59: =IFERROR(__xludf.DUMMYFUNCTION("""COMPUTED_VALUE"""),49.0) -> 49 | C59: =IFERROR(__xludf.DUMMYFUNCTION("""COMPUTED_VALUE"""),35.0) -> 35 | D59: =IFERROR(__xludf.DUMMYFUNCTION("""COMPUTED_VALUE"""),0.5833333333333334) -> 0.58333333
A60: =IFERROR(__xludf.DUMMYFUNCTION("""COMPUTED_VALUE"""),"참치&한메") -> 참치&한메 | B60: =IFERROR(__xludf.DUMMYFUNCTION("""COMPUTED_VALUE"""),47.0) -> 47 | C60: =IFERROR(__xludf.DUMMYFUNCTION("""COMPUTED_VALUE"""),46.0) -> 46 | D60: =IFERROR(__xludf.DUMMYFUNCTION("""COMPUTED_VALUE"""),0.5053763440860215) -> 0.50537634
A61: =IFERROR(__xludf.DUMMYFUNCTION("""COMPUTED_VALUE"""),"노인&참치") -> 노인&참치 | B61: =IFERROR(__xludf.DUMMYFUNCTION("""COMPUTED_VALUE"""),46.0) -> 46 | C61: =IFERROR(__xludf.DUMMYFUNCTION("""COMPUTED_VALUE"""),47.0) -> 47 | D61: =IFERROR(__xludf.DUMMYFUNCTION("""COMPUTED_VALUE"""),0.4946236559139785) -> 0.49462366
A62: =IFERROR(__xludf.DUMMYFUNCTION("""COMPUTED_VALUE"""),"짱구&참치") -> 짱구&참치 | B62: =IFERROR(__xludf.DUMMYFUNCTION("""COMPUTED_VALUE"""),45.0) -> 45 | C62: =IFERROR(__xludf.DUMMYFUNCTION("""COMPUTED_VALUE"""),34.0) -> 34 | D62: =IFERROR(__xludf.DUMMYFUNCTION("""COMPUTED_VALUE"""),0.569620253164557) -> 0.56962025
A63: =IFERROR(__xludf.DUMMYFUNCTION("""COMPUTED_VALUE"""),"ACDC&넘버") -> ACDC&넘버 | B63: =IFERROR(__xludf.DUMMYFUNCTION("""COMPUTED_VALUE"""),45.0) -> 45 | C63: =IFERROR(__xludf.DUMMYFUNCTION("""COMPUTED_VALUE"""),72.0) -> 72 | D63: =IFERROR(__xludf.DUMMYFUNCTION("""COMPUTED_VALUE"""),0.38461538461538464) -> 0.38461538
A64: =IFERROR(__xludf.DUMMYFUNCTION("""COMPUTED_VALUE"""),"신형만&키키") -> 신형만&키키 | B64: =IFERROR(__xludf.DUMMYFUNCTION("""COMPUTED_VALUE"""),43.0) -> 43 | C64: =IFERROR(__xludf.DUMMYFUNCTION("""COMPUTED_VALUE"""),33.0) -> 33 | D64: =IFERROR(__xludf.DUMMYFUNCTION("""COMPUTED_VALUE"""),0.5657894736842105) -> 0.56578947
A65: =IFERROR(__xludf.DUMMYFUNCTION("""COMPUTED_VALUE"""),"깡패&재명") -> 깡패&재명 | B65: =IFERROR(__xludf.DUMMYFUNCTION("""COMPUTED_VALUE"""),43.0) -> 43 | C65: =IFERROR(__xludf.DUMMYFUNCTION("""COMPUTED_VALUE"""),60.0) -> 60 | D65: =IFERROR(__xludf.DUMMYFUNCTION("""COMPUTED_VALUE"""),0.4174757281553398) -> 0.41747573
A66: =IFERROR(__xludf.DUMMYFUNCTION("""COMPUTED_VALUE"""),"솔&테리") -> 솔&테리 | B66: =IFERROR(__xludf.DUMMYFUNCTION("""COMPUTED_VALUE"""),42.0) -> 42 | C66: =IFERROR(__xludf.DUMMYFUNCTION("""COMPUTED_VALUE"""),35.0) -> 35 | D66: =IFERROR(__xludf.DUMMYFUNCTION("""COMPUTED_VALUE"""),0.5454545454545454) -> 0.54545455
A67: =IFERROR(__xludf.DUMMYFUNCTION("""COMPUTED_VALUE"""),"규식&신형만") -> 규식&신형만 | B67: =IFERROR(__xludf.DUMMYFUNCTION("""COMPUTED_VALUE"""),42.0) -> 42 | C67: =IFERROR(__xludf.DUMMYFUNCTION("""COMPUTED_VALUE"""),37.0) -> 37 | D67: =IFERROR(__xludf.DUMMYFUNCTION("""COMPUTED_VALUE"""),0.5316455696202531) -> 0.53164557
A68: =IFERROR(__xludf.DUMMYFUNCTION("""COMPUTED_VALUE"""),"넘버&짱구") -> 넘버&짱구 | B68: =IFERROR(__xludf.DUMMYFUNCTION("""COMPUTED_VALUE"""),41.0) -> 41 | C68: =IFERROR(__xludf.DUMMYFUNCTION("""COMPUTED_VALUE"""),22.0) -> 22 | D68: =IFERROR(__xludf.DUMMYFUNCTION("""COMPUTED_VALUE"""),0.6507936507936508) -> 0.65079365
A69: =IFERROR(__xludf.DUMMYFUNCTION("""COMPUTED_VALUE"""),"깡패&키키") -> 깡패&키키 | B69: =IFERROR(__xludf.DUMMYFUNCTION("""COMPUTED_VALUE"""),41.0) -> 41 | C69: =IFERROR(__xludf.DUMMYFUNCTION("""COMPUTED_VALUE"""),30.0) -> 30 | D69: =IFERROR(__xludf.DUMMYFUNCTION("""COMPUTED_VALUE"""),0.5774647887323944) -> 0.57746479
A70: =IFERROR(__xludf.DUMMYFUNCTION("""COMPUTED_VALUE"""),"ACDC&참치") -> ACDC&참치 | B70: =IFERROR(__xludf.DUMMYFUNCTION("""COMPUTED_VALUE"""),41.0) -> 41 | C70: =IFERROR(__xludf.DUMMYFUNCTION("""COMPUTED_VALUE"""),63.0) -> 63 | D70: =IFERROR(__xludf.DUMMYFUNCTION("""COMPUTED_VALUE"""),0.3942307692307692) -> 0.39423077
A71: =IFERROR(__xludf.DUMMYFUNCTION("""COMPUTED_VALUE"""),"ACDC&재명") -> ACDC&재명 | B71: =IFERROR(__xludf.DUMMYFUNCTION("""COMPUTED_VALUE"""),41.0) -> 41 | C71: =IFERROR(__xludf.DUMMYFUNCTION("""COMPUTED_VALUE"""),95.0) -> 95 | D71: =IFERROR(__xludf.DUMMYFUNCTION("""COMPUTED_VALUE"""),0.3014705882352941) -> 0.30147059
A72: =IFERROR(__xludf.DUMMYFUNCTION("""COMPUTED_VALUE"""),"미등록&신형만") -> 미등록&신형만 | B72: =IFERROR(__xludf.DUMMYFUNCTION("""COMPUTED_VALUE"""),40.0) -> 40 | C72: =IFERROR(__xludf.DUMMYFUNCTION("""COMPUTED_VALUE"""),24.0) -> 24 | D72: =IFERROR(__xludf.DUMMYFUNCTION("""COMPUTED_VALUE"""),0.625) -> 0.625
A73: =IFERROR(__xludf.DUMMYFUNCTION("""COMPUTED_VALUE"""),"태식&테리") -> 태식&테리 | B73: =IFERROR(__xludf.DUMMYFUNCTION("""COMPUTED_VALUE"""),40.0) -> 40 | C73: =IFERROR(__xludf.DUMMYFUNCTION("""COMPUTED_VALUE"""),36.0) -> 36 | D73: =IFERROR(__xludf.DUMMYFUNCTION("""COMPUTED_VALUE"""),0.5263157894736842) -> 0.52631579
A74: =IFERROR(__xludf.DUMMYFUNCTION("""COMPUTED_VALUE"""),"솔&원") -> 솔&원 | B74: =IFERROR(__xludf.DUMMYFUNCTION("""COMPUTED_VALUE"""),39.0) -> 39 | C74: =IFERROR(__xludf.DUMMYFUNCTION("""COMPUTED_VALUE"""),18.0) -> 18 | D74: =IFERROR(__xludf.DUMMYFUNCTION("""COMPUTED_VALUE"""),0.6842105263157895) -> 0.68421053
A75: =IFERROR(__xludf.DUMMYFUNCTION("""COMPUTED_VALUE"""),"노인&재우") -> 노인&재우 | B75: =IFERROR(__xludf.DUMMYFUNCTION("""COMPUTED_VALUE"""),39.0) -> 39 | C75: =IFERROR(__xludf.DUMMYFUNCTION("""COMPUTED_VALUE"""),37.0) -> 37 | D75: =IFERROR(__xludf.DUMMYFUNCTION("""COMPUTED_VALUE"""),0.5131578947368421) -> 0.51315789
A76: =IFERROR(__xludf.DUMMYFUNCTION("""COMPUTED_VALUE"""),"솔&신형만") -> 솔&신형만 | B76: =IFERROR(__xludf.DUMMYFUNCTION("""COMPUTED_VALUE"""),38.0) -> 38 | C76: =IFERROR(__xludf.DUMMYFUNCTION("""COMPUTED_VALUE"""),52.0) -> 52 | D76: =IFERROR(__xludf.DUMMYFUNCTION("""COMPUTED_VALUE"""),0.4222222222222222) -> 0.42222222
A77: =IFERROR(__xludf.DUMMYFUNCTION("""COMPUTED_VALUE"""),"재명&재우") -> 재명&재우 | B77: =IFERROR(__xludf.DUMMYFUNCTION("""COMPUTED_VALUE"""),36.0) -> 36 | C77: =IFERROR(__xludf.DUMMYFUNCTION("""COMPUTED_VALUE"""),36.0) -> 36 | D77: =IFERROR(__xludf.DUMMYFUNCTION("""COMPUTED_VALUE"""),0.5) -> 0.5
A78: =IFERROR(__xludf.DUMMYFUNCTION("""COMPUTED_VALUE"""),"강화&재명") -> 강화&재명 | B78: =IFERROR(__xludf.DUMMYFUNCTION("""COMPUTED_VALUE"""),36.0) -> 36 | C78: =IFERROR(__xludf.DUMMYFUNCTION("""COMPUTED_VALUE"""),63.0) -> 63 | D78: =IFERROR(__xludf.DUMMYFUNCTION("""COMPUTED_VALUE"""),0.36363636363636365) -> 0.36363636
A79: =IFERROR(__xludf.DUMMYFUNCTION("""COMPUTED_VALUE"""),"원&태식") -> 원&태식 | B79: =IFERROR(__xludf.DUMMYFUNCTION("""COMPUTED_VALUE"""),35.0) -> 35 | C79: =IFERROR(__xludf.DUMMYFUNCTION("""COMPUTED_VALUE"""),15.0) -> 15 | D79: =IFERROR(__xludf.DUMMYFUNCTION("""COMPUTED_VALUE"""),0.7) -> 0.7
A80: =IFERROR(__xludf.DUMMYFUNCTION("""COMPUTED_VALUE"""),"노인&태식") -> 노인&태식 | B80: =IFERROR(__xludf.DUMMYFUNCTION("""COMPUTED_VALUE"""),35.0) -> 35 | C80: =IFERROR(__xludf.DUMMYFUNCTION("""COMPUTED_VALUE"""),45.0) -> 45 | D80: =IFERROR(__xludf.DUMMYFUNCTION("""COMPUTED_VALUE"""),0.4375) -> 0.4375
A81: =IFERROR(__xludf.DUMMYFUNCTION("""COMPUTED_VALUE"""),"규식&넘버") -> 규식&넘버 | B81: =IFERROR(__xludf.DUMMYFUNCTION("""COMPUTED_VALUE"""),34.0) -> 34 | C81: =IFERROR(__xludf.DUMMYFUNCTION("""COMPUTED_VALUE"""),14.0) -> 14 | D81: =IFERROR(__xludf.DUMMYFUNCTION("""COMPUTED_VALUE"""),0.7083333333333334) -> 0.70833333
A82: =IFERROR(__xludf.DUMMYFUNCTION("""COMPUTED_VALUE"""),"민우&신형만") -> 민우&신형만 | B82: =IFERROR(__xludf.DUMMYFUNCTION("""COMPUTED_VALUE"""),34.0) -> 34 | C82: =IFERROR(__xludf.DUMMYFUNCTION("""COMPUTED_VALUE"""),31.0) -> 31 | D82: =IFERROR(__xludf.DUMMYFUNCTION("""COMPUTED_VALUE"""),0.5230769230769231) -> 0.52307692
A83: =IFERROR(__xludf.DUMMYFUNCTION("""COMPUTED_VALUE"""),"구리다&신형만") -> 구리다&신형만 | B83: =IFERROR(__xludf.DUMMYFUNCTION("""COMPUTED_VALUE"""),33.0) -> 33 | C83: =IFERROR(__xludf.DUMMYFUNCTION("""COMPUTED_VALUE"""),20.0) -> 20 | D83: =IFERROR(__xludf.DUMMYFUNCTION("""COMPUTED_VALUE"""),0.6226415094339622) -> 0.62264151
A84: =IFERROR(__xludf.DUMMYFUNCTION("""COMPUTED_VALUE"""),"ACDC&키키") -> ACDC&키키 | B84: =IFERROR(__xludf.DUMMYFUNCTION("""COMPUTED_VALUE"""),33.0) -> 33 | C84: =IFERROR(__xludf.DUMMYFUNCTION("""COMPUTED_VALUE"""),40.0) -> 40 | D84: =IFERROR(__xludf.DUMMYFUNCTION("""COMPUTED_VALUE"""),0.4520547945205479) -> 0.45205479
A85: =IFERROR(__xludf.DUMMYFUNCTION("""COMPUTED_VALUE"""),"신형만&유망") -> 신형만&유망 | B85: =IFERROR(__xludf.DUMMYFUNCTION("""COMPUTED_VALUE"""),32.0) -> 32 | C85: =IFERROR(__xludf.DUMMYFUNCTION("""COMPUTED_VALUE"""),24.0) -> 24 | D85: =IFERROR(__xludf.DUMMYFUNCTION("""COMPUTED_VALUE"""),0.5714285714285714) -> 0.57142857
A86: =IFERROR(__xludf.DUMMYFUNCTION("""COMPUTED_VALUE"""),"신형만&오크") -> 신형만&오크 | B86: =IFERROR(__xludf.DUMMYFUNCTION("""COMPUTED_VALUE"""),31.0) -> 31 | C86: =IFERROR(__xludf.DUMMYFUNCTION("""COMPUTED_VALUE"""),15.0) -> 15 | D86: =IFERROR(__xludf.DUMMYFUNCTION("""COMPUTED_VALUE"""),0.6739130434782609) -> 0.67391304
A87: =IFERROR(__xludf.DUMMYFUNCTION("""COMPUTED_VALUE"""),"키키&한메") -> 키키&한메 | B87: =IFERROR(__xludf.DUMMYFUNCTION("""COMPUTED_VALUE"""),31.0) -> 31 | C87: =IFERROR(__xludf.DUMMYFUNCTION("""COMPUTED_VALUE"""),20.0) -> 20 | D87: =IFERROR(__xludf.DUMMYFUNCTION("""COMPUTED_VALUE"""),0.6078431372549019) -> 0.60784314
A88: =IFERROR(__xludf.DUMMYFUNCTION("""COMPUTED_VALUE"""),"넘버&솔") -> 넘버&솔 | B88: =IFERROR(__xludf.DUMMYFUNCTION("""COMPUTED_VALUE"""),31.0) -> 31 | C88: =IFERROR(__xludf.DUMMYFUNCTION("""COMPUTED_VALUE"""),28.0) -> 28 | D88: =IFERROR(__xludf.DUMMYFUNCTION("""COMPUTED_VALUE"""),0.5254237288135594) -> 0.52542373
A89: =IFERROR(__xludf.DUMMYFUNCTION("""COMPUTED_VALUE"""),"랄&신형만") -> 랄&신형만 | B89: =IFERROR(__xludf.DUMMYFUNCTION("""COMPUTED_VALUE"""),30.0) -> 30 | C89: =IFERROR(__xludf.DUMMYFUNCTION("""COMPUTED_VALUE"""),22.0) -> 22 | D89: =IFERROR(__xludf.DUMMYFUNCTION("""COMPUTED_VALUE"""),0.5769230769230769) -> 0.57692308
A90: =IFERROR(__xludf.DUMMYFUNCTION("""COMPUTED_VALUE"""),"깡패&솔") -> 깡패&솔 | B90: =IFERROR(__xludf.DUMMYFUNCTION("""COMPUTED_VALUE"""),30.0) -> 30 | C90: =IFERROR(__xludf.DUMMYFUNCTION("""COMPUTED_VALUE"""),26.0) -> 26 | D90: =IFERROR(__xludf.DUMMYFUNCTION("""COMPUTED_VALUE"""),0.5357142857142857) -> 0.53571429
A91: =IFERROR(__xludf.DUMMYFUNCTION("""COMPUTED_VALUE"""),"신형만&조드") -> 신형만&조드 | B91: =IFERROR(__xludf.DUMMYFUNCTION("""COMPUTED_VALUE"""),30.0) -> 30 | C91: =IFERROR(__xludf.DUMMYFUNCTION("""COMPUTED_VALUE"""),27.0) -> 27 | D91: =IFERROR(__xludf.DUMMYFUNCTION("""COMPUTED_VALUE"""),0.5263157894736842) -> 0.52631579
A92: =IFERROR(__xludf.DUMMYFUNCTION("""COMPUTED_VALUE"""),"규식&노인") -> 규식&노인 | B92: =IFERROR(__xludf.DUMMYFUNCTION("""COMPUTED_VALUE"""),30.0) -> 30 | C92: =IFERROR(__xludf.DUMMYFUNCTION("""COMPUTED_VALUE"""),28.0) -> 28 | D92: =IFERROR(__xludf.DUMMYFUNCTION("""COMPUTED_VALUE"""),0.5172413793103449) -> 0.51724138
A93: =IFERROR(__xludf.DUMMYFUNCTION("""COMPUTED_VALUE"""),"전투쥐&테리") -> 전투쥐&테리 | B93: =IFERROR(__xludf.DUMMYFUNCTION("""COMPUTED_VALUE"""),29.0) -> 29 | C93: =IFERROR(__xludf.DUMMYFUNCTION("""COMPUTED_VALUE"""),19.0) -> 19 | D93: =IFERROR(__xludf.DUMMYFUNCTION("""COMPUTED_VALUE"""),0.6041666666666666) -> 0.60416667
A94: =IFERROR(__xludf.DUMMYFUNCTION("""COMPUTED_VALUE"""),"재명&테리") -> 재명&테리 | B94: =IFERROR(__xludf.DUMMYFUNCTION("""COMPUTED_VALUE"""),29.0) -> 29 | C94: =IFERROR(__xludf.DUMMYFUNCTION("""COMPUTED_VALUE"""),30.0) -> 30 | D94: =IFERROR(__xludf.DUMMYFUNCTION("""COMPUTED_VALUE"""),0.4915254237288136) -> 0.49152542
A95: =IFERROR(__xludf.DUMMYFUNCTION("""COMPUTED_VALUE"""),"따&테리") -> 따&테리 | B95: =IFERROR(__xludf.DUMMYFUNCTION("""COMPUTED_VALUE"""),28.0) -> 28 | C95: =IFERROR(__xludf.DUMMYFUNCTION("""COMPUTED_VALUE"""),10.0) -> 10 | D95: =IFERROR(__xludf.DUMMYFUNCTION("""COMPUTED_VALUE"""),0.7368421052631579) -> 0.73684211
A96: =IFERROR(__xludf.DUMMYFUNCTION("""COMPUTED_VALUE"""),"노인&솔") -> 노인&솔 | B96: =IFERROR(__xludf.DUMMYFUNCTION("""COMPUTED_VALUE"""),28.0) -> 28 | C96: =IFERROR(__xludf.DUMMYFUNCTION("""COMPUTED_VALUE"""),18.0) -> 18 | D96: =IFERROR(__xludf.DUMMYFUNCTION("""COMPUTED_VALUE"""),0.6086956521739131) -> 0.60869565
A97: =IFERROR(__xludf.DUMMYFUNCTION("""COMPUTED_VALUE"""),"짱구&태식") -> 짱구&태식 | B97: =IFERROR(__xludf.DUMMYFUNCTION("""COMPUTED_VALUE"""),28.0) -> 28 | C97: =IFERROR(__xludf.DUMMYFUNCTION("""COMPUTED_VALUE"""),19.0) -> 19 | D97: =IFERROR(__xludf.DUMMYFUNCTION("""COMPUTED_VALUE"""),0.5957446808510638) -> 0.59574468
A98: =IFERROR(__xludf.DUMMYFUNCTION("""COMPUTED_VALUE"""),"규식&한메") -> 규식&한메 | B98: =IFERROR(__xludf.DUMMYFUNCTION("""COMPUTED_VALUE"""),28.0) -> 28 | C98: =IFERROR(__xludf.DUMMYFUNCTION("""COMPUTED_VALUE"""),25.0) -> 25 | D98: =IFERROR(__xludf.DUMMYFUNCTION("""COMPUTED_VALUE"""),0.5283018867924528) -> 0.52830189
A99: =IFERROR(__xludf.DUMMYFUNCTION("""COMPUTED_VALUE"""),"엘더&짱구") -> 엘더&짱구 | B99: =IFERROR(__xludf.DUMMYFUNCTION("""COMPUTED_VALUE"""),27.0) -> 27 | C99: =IFERROR(__xludf.DUMMYFUNCTION("""COMPUTED_VALUE"""),6.0) -> 6 | D99: =IFERROR(__xludf.DUMMYFUNCTION("""COMPUTED_VALUE"""),0.8181818181818182) -> 0.81818182
A100: =IFERROR(__xludf.DUMMYFUNCTION("""COMPUTED_VALUE"""),"강화&노인") -> 강화&노인 | B100: =IFERROR(__xludf.DUMMYFUNCTION("""COMPUTED_VALUE"""),27.0) -> 27 | C100: =IFERROR(__xludf.DUMMYFUNCTION("""COMPUTED_VALUE"""),43.0) -> 43 | D100: =IFERROR(__xludf.DUMMYFUNCTION("""COMPUTED_VALUE"""),0.38571428571428573) -> 0.38571429
...

Sheet 포인트변동
A1: # | B1: 경기날짜 | C1: User ID | D1: 포인트 | E1: 시즌 | F1: 게임ID
A2: =Row()-1 -> 1 | B2: 2026-02-10 00:26 | C2: 깡패 | D2: 1316 | E2: 시즌15 | F2: G260210002636
A3: =Row()-1 -> 2 | B3: 2026-02-10 00:26 | C3: 규식 | D3: 1279 | E3: 시즌15 | F3: G260210002636
A4: =Row()-1 -> 3 | B4: 2026-02-10 00:26 | C4: 학생 | D4: 1189 | E4: 시즌15 | F4: G260210002636
A5: =Row()-1 -> 4 | B5: 2026-02-10 00:26 | C5: 신형만 | D5: 1204 | E5: 시즌15 | F5: G260210002636
A6: =Row()-1 -> 5 | B6: 2026-02-09 23:37 | C6: 신형만 | D6: 1182 | E6: 시즌15 | F6: G260209233706
A7: =Row()-1 -> 6 | B7: 2026-02-09 23:37 | C7: 깡패 | D7: 1332 | E7: 시즌15 | F7: G260209233706
A8: =Row()-1 -> 7 | B8: 2026-02-09 23:37 | C8: 테리 | D8: 1297 | E8: 시즌15 | F8: G260209233706
A9: =Row()-1 -> 8 | B9: 2026-02-09 23:37 | C9: 학생 | D9: 1166 | E9: 시즌15 | F9: G260209233706
A10: =Row()-1 -> 9 | B10: 2026-02-09 23:01 | C10: 테리 | D10: 1279 | E10: 시즌15 | F10: G260209230157
A11: =Row()-1 -> 10 | B11: 2026-02-09 23:01 | C11: 깡패 | D11: 1351 | E11: 시즌15 | F11: G260209230157
A12: =Row()-1 -> 11 | B12: 2026-02-09 23:01 | C12: 학생 | D12: 1139 | E12: 시즌15 | F12: G260209230157
A13: =Row()-1 -> 12 | B13: 2026-02-09 23:01 | C13: 신형만 | D13: 1199 | E13: 시즌15 | F13: G260209230157
... A2788: =Row()-1 -> 2787 | B2788: 2025-07-27 22:41 | C2788: 테리 | D2788: 1260 | E2788: 시즌12 | F2788: G250727224137

Sheet 점수MMR
A1: 승리팀 | B1: 보유 점수 | C1: 예상승률 | D1: 반영 점수 | E1: 변경점수 | F1: 패배팀 | G1: 보유 점수 | H1: 예상승률 | I1: 반영 점수 | J1: 변경점수 | K1: 세트포인트 | L1: K값 | M1: 승률 상수 | N1: 최초 점수 | O1: 배치경기수 | P1: 배치경기 배점 | Q1: 승리팀 다캐릭여부
A2: =#REF! -> #REF! | B2: =IFERROR(IF(INDEX('전적확인'!$A$2:$R1000,MATCH(#REF!,'전적확인'!$A$1:$A1000,0)-1,18)=0,INDEX('전적확인'!$A$2:$R1000,MATCH(#REF!,'전적확인'!$A$1:$A1000,0)-1,10)*$P$2+$N$2,INDEX('전적확인'!$A$2:$R1000,MATCH(#REF!,'전적확인'!$A$1:$A1000,0)-1,18)),0) -> 0 | C2: =1/(1+POWER(10,($G$6-B2)/$M$2)) -> 0.00046394354 | D2: =ROUNDUP((B2+$L$2*(1-C2))+($L$2*(1-C2)*IFERROR(IF(Q2="Y",0.1,0),0)),0) -> 40 | E2: =D2-B2 -> 40 | F2: =#REF! -> #REF! | G2: =IFERROR(IF(INDEX('전적확인'!$A$2:$R1000,MATCH(#REF!,'전적확인'!$A$1:$A1000,0)-1,18)=0,INDEX('전적확인'!$A$2:$R1000,MATCH(#REF!,'전적확인'!$A$1:$A1000,0)-1,10)*$P$2+$N$2,INDEX('전적확인'!$A$2:$R1000,MATCH(#REF!,'전적확인'!$A$1:$A1000,0)-1,18)),0) -> 0 | H2: =1/(1+POWER(10,($B$6-G2)/$M$2)) -> 0.00046394354 | I2: =ROUND(G2+($L$2*(0-H2)*0.9*$K$2),0) -> #REF! | J2: =I2-G2 -> #REF! | K2: =1-(#REF!/#REF!/2) -> #REF! | L2: 40 | M2: 300 | N2: 1000 | O2: 30 | P2: 20 | Q2: {=IF(INDEX('사용자목록'!$A$1:$F1000,MATCH($A$2,'사용자목록'!$A$1:$A1000,0),6) = "Y", "Y","N")} -> #REF!
A3: =#REF! -> #REF! | B3: =IFERROR(IF(INDEX('전적확인'!$A$2:$R1001,MATCH(#REF!,'전적확인'!$A$1:$A1001,0)-1,18)=0,INDEX('전적확인'!$A$2:$R1001,MATCH(#REF!,'전적확인'!$A$1:$A1001,0)-1,10)*$P$2+$N$2,INDEX('전적확인'!$A$2:$R1001,MATCH(#REF!,'전적확인'!$A$1:$A1001,0)-1,18)),0) -> 0 | C3: =1/(1+POWER(10,($G$6-B3)/$M$2)) -> 0.00046394354 | D3: =ROUNDUP((B3+$L$2*(1-C3))+($L$2*(1-C3)*IFERROR(IF(Q3="Y",0.1,0),0)),0) -> 40 | E3: =D3-B3 -> 40 | F3: =#REF! -> #REF! | G3: =IFERROR(IF(INDEX('전적확인'!$A$2:$R1001,MATCH(#REF!,'전적확인'!$A$1:$A1001,0)-1,18)=0,INDEX('전적확인'!$A$2:$R1001,MATCH(#REF!,'전적확인'!$A$1:$A1001,0)-1,10)*$P$2+$N$2,INDEX('전적확인'!$A$2:$R1001,MATCH(#REF!,'전적확인'!$A$1:$A1001,0)-1,18)),0) -> 0 | H3: =1/(1+POWER(10,($B$6-G3)/$M$2)) -> 0.00046394354 | I3: =ROUND(G3+($L$2*(0-H3)*0.9*$K$2),0) -> #REF! | J3: =I3-G3 -> #REF! | Q3: {=IF(INDEX('사용자목록'!$A$1:$F1000,MATCH($A$3,'사용자목록'!$A$1:$A1000,0),6) = "Y", "Y","N")} -> #REF!
A4: =#REF! -> #REF! | B4: =IFERROR(IF(INDEX('전적확인'!$A$2:$R1002,MATCH(#REF!,'전적확인'!$A$1:$A1002,0)-1,18)=0,INDEX('전적확인'!$A$2:$R1002,MATCH(#REF!,'전적확인'!$A$1:$A1002,0)-1,10)*$P$2+$N$2,INDEX('전적확인'!$A$2:$R1002,MATCH(#REF!,'전적확인'!$A$1:$A1002,0)-1,18)),0) -> 0 | C4: =1/(1+POWER(10,($G$6-B4)/$M$2)) -> 0.00046394354 | D4: =ROUNDUP((B4+$L$2*(1-C4))+($L$2*(1-C4)*IFERROR(IF(Q4="Y",0.1,0),0)),0) -> 40 | E4: =D4-B4 -> 40 | F4: =#REF! -> #REF! | G4: =IFERROR(IF(INDEX('전적확인'!$A$2:$R1002,MATCH(#REF!,'전적확인'!$A$1:$A1002,0)-1,18)=0,INDEX('전적확인'!$A$2:$R1002,MATCH(#REF!,'전적확인'!$A$1:$A1002,0)-1,10)*$P$2+$N$2,INDEX('전적확인'!$A$2:$R1002,MATCH(#REF!,'전적확인'!$A$1:$A1002,0)-1,18)),0) -> 0 | H4: =1/(1+POWER(10,($B$6-G4)/$M$2)) -> 0.00046394354 | I4: =ROUND(G4+($L$2*(0-H4)*0.9*$K$2),0) -> #REF! | J4: =I4-G4 -> #REF! | Q4: {=IF(INDEX('사용자목록'!$A$1:$F1000,MATCH($A$4,'사용자목록'!$A$1:$A1000,0),6) = "Y", "Y","N")} -> #REF!
A5: =#REF! -> #REF! | B5: =IFERROR(IF(INDEX('전적확인'!$A$2:$R1003,MATCH(#REF!,'전적확인'!$A$1:$A1003,0)-1,18)=0,INDEX('전적확인'!$A$2:$R1003,MATCH(#REF!,'전적확인'!$A$1:$A1003,0)-1,10)*$P$2+$N$2,INDEX('전적확인'!$A$2:$R1003,MATCH(#REF!,'전적확인'!$A$1:$A1003,0)-1,18)),0) -> 0 | C5: =1/(1+POWER(10,($G$6-B5)/$M$2)) -> 0.00046394354 | D5: =ROUNDUP((B5+$L$2*(1-C5))+($L$2*(1-C5)*IFERROR(IF(Q5="Y",0.1,0),0)),0) -> 40 | E5: =D5-B5 -> 40 | F5: =#REF! -> #REF! | G5: =IFERROR(IF(INDEX('전적확인'!$A$2:$R1003,MATCH(#REF!,'전적확인'!$A$1:$A1003,0)-1,18)=0,INDEX('전적확인'!$A$2:$R1003,MATCH(#REF!,'전적확인'!$A$1:$A1003,0)-1,10)*$P$2+$N$2,INDEX('전적확인'!$A$2:$R1003,MATCH(#REF!,'전적확인'!$A$1:$A1003,0)-1,18)),0) -> 0 | H5: =1/(1+POWER(10,($B$6-G5)/$M$2)) -> 0.00046394354 | I5: =ROUND(G5+($L$2*(0-H5)*0.9*$K$2),0) -> #REF! | J5: =I5-G5 -> #REF! | Q5: {=IF(INDEX('사용자목록'!$A$1:$F1000,MATCH($A$5,'사용자목록'!$A$1:$A1000,0),6) = "Y", "Y","N")} -> #REF!
A6: 평균값 | B6: =IFERROR(SUM(B2:B5)/B7,$N$2) -> 1000 | G6: =IFERROR(SUM(G2:G5)/G7,$N$2) -> 1000
A7: 명수 | B7: =countif($B$2:$B$5,">0") -> 0 | G7: =countif($G$2:$G$5,">0") -> 0

Sheet 디스코드 연동
A1: 입력날짜 | B1: Discord Content | C1: Discord 승리스코어 Content | E1: 승리팀 | W1: 승리 스코어 | X1: 패배 스코어 | Y1: Team1_드루 | Z1: Team1_어쎄 | AA1: Team1_네크 | AB1: Team1_슴딘 | AC1: Team2_드루 | AD1: Team2_어쎄 | AE1: Team2_네크 | AF1: Team2_슴딘
D2: =IFERROR(__xludf.DUMMYFUNCTION("split(TRIM(CLEAN($C$2)),"" "")"),"#VALUE!") -> #VALUE! | G2: =D2 -> #VALUE! | H2: =IFERROR(__xludf.DUMMYFUNCTION("Split(D2,"":"")"),"#VALUE!") -> #VALUE! | K2: =IFERROR(__xludf.DUMMYFUNCTION("SPLIT(TRIM(CLEAN($B$2)),""VS"")"),"#VALUE!") -> #VALUE! | M2: =TRIM((K2)) -> #VALUE! | N2: =CLEAN(TRIM((L2))) | O2: =IFERROR(__xludf.DUMMYFUNCTION("SPLIT(SUBSTITUTE($K$2,""Team1 : "",""""),"" "")"),"#VALUE!") -> #VALUE! | S2: =IFERROR(__xludf.DUMMYFUNCTION("SPLIT(SUBSTITUTE($L$2,""Team2 : "",""""),"" "")"),"#VALUE!") -> #VALUE! | W2: =if(H2<I2,I2,H2) -> #VALUE! | X2: =if(H2>I2,I2,H2) -> #VALUE! | Y2: =TRIM(SUBSTITUTE(O2,right(O2, 4),"")) -> #VALUE! | Z2: =TRIM(SUBSTITUTE(P2,right(P2, 4),"")) | AA2: =TRIM(SUBSTITUTE(Q2,right(Q2, 4),"")) | AB2: =TRIM((SUBSTITUTE(R2,right(R2, 4),""))) | AC2: =TRIM(SUBSTITUTE(S2,right(S2, 4),"")) -> #VALUE! | AD2: =TRIM(SUBSTITUTE(T2,right(T2, 4),"")) | AE2: =TRIM(SUBSTITUTE(U2,right(U2, 4),"")) | AF2: =TRIM(SUBSTITUTE(V2,right(V2, 4),""))
A3: 마지막 이력 취소 게임ID | B3: 올캐릭
A4: G260208222829 | B4: 깡패,신형만,학생,박서
A6: 입력완료 여부
A9: 이력취소 승리팀
A11: 이력취소 패배팀

Sheet 기록입력_디스코드
A1: 날짜
A2: =NOW() -> 46213.724
A3: 승리팀
A4: 드루 | B4: 어쎄 | C4: 네크 | D4: 슴딘 | E4: 스코어
A5: =if(UPPER('디스코드 연동'!$E$2)="TEAM1",'디스코드 연동'!Y2,'디스코드 연동'!AC2) -> #VALUE! | B5: =if(UPPER('디스코드 연동'!$E$2)="TEAM1",'디스코드 연동'!Z2,'디스코드 연동'!AD2) | C5: =if(UPPER('디스코드 연동'!$E$2)="TEAM1",'디스코드 연동'!AA2,'디스코드 연동'!AE2) | D5: =if(UPPER('디스코드 연동'!$E$2)="TEAM1",'디스코드 연동'!AB2,'디스코드 연동'!AF2) | E5: ='디스코드 연동'!W2 -> #VALUE!
A6: 패배팀
A7: 드루 | B7: 어쎄 | C7: 네크 | D7: 슴딘 | E7: 스코어
A8: =if(UPPER('디스코드 연동'!$E$2)="TEAM1",'디스코드 연동'!AC2,'디스코드 연동'!Y2) -> #VALUE! | B8: =if(UPPER('디스코드 연동'!$E$2)="TEAM1",'디스코드 연동'!AD2,'디스코드 연동'!Z2) | C8: =if(UPPER('디스코드 연동'!$E$2)="TEAM1",'디스코드 연동'!AE2,'디스코드 연동'!AA2) | D8: =if(UPPER('디스코드 연동'!$E$2)="TEAM1",'디스코드 연동'!AF2,'디스코드 연동'!AB2) | E8: ='디스코드 연동'!X2 -> #VALUE!

Sheet 점수MMR_디스코드
A1: 승리팀 | B1: 보유 점수 | C1: 예상승률 | D1: 반영 점수 | E1: 변경점수 | F1: 패배팀 | G1: 보유 점수 | H1: 예상승률 | I1: 반영 점수 | J1: 변경점수 | K1: 세트포인트 | L1: K값(승) | M1: 승률 상수 | N1: 최초 점수 | O1: 배치경기수 | P1: 배치경기 배점 | Q1: 승리팀 다캐릭여부 | R1: K값(패) | S1: 올캐릭 점수 | T1: 패배 상수
A2: ='기록입력_디스코드'!$A$5 -> #VALUE! | B2: {=IFERROR(IF(INDEX('전적확인'!$A$2:$R1000,MATCH('기록입력_디스코드'!$A$5,'전적확인'!$A$1:$A1000,0)-1,18)=0,INDEX('전적확인'!$A$2:$R1000,MATCH('기록입력_디스코드'!$A$5,'전적확인'!$A$1:$A1000,0)-1,10)*$P$2+$N$2,INDEX('전적확인'!$A$2:$R1000,MATCH('기록입력_디스코드'!$A$5,'전적확인'!$A$1:$A1000,0)-1,18)),0)} -> 0 | C2: =1/(1+POWER(10,($G$6-B2)/$M$2)) -> 0.035936375 | D2: =ROUNDUP((B2+$L$2*(1-C2))+($L$2*(1-C2)*IFERROR(IF(Q2="Y",$S$2,0),0)),0) -> 39 | E2: =D2-B2 -> 39 | F2: ='기록입력_디스코드'!$A$8 -> #VALUE! | G2: {=IFERROR(IF(INDEX('전적확인'!$A$2:$R1000,MATCH('기록입력_디스코드'!$A$8,'전적확인'!$A$1:$A1000,0)-1,18)=0,INDEX('전적확인'!$A$2:$R1000,MATCH('기록입력_디스코드'!$A$8,'전적확인'!$A$1:$A1000,0)-1,10)*$P$2+$N$2,INDEX('전적확인'!$A$2:$R1000,MATCH('기록입력_디스코드'!$A$8,'전적확인'!$A$1:$A1000,0)-1,18)),0)} -> 0 | H2: =1/(1+POWER(10,($B$6-G2)/$T$2)) -> 0.17725503 | I2: =ROUND(G2+($R$2*(0-H2)*0.9*$K$2),0) -> #VALUE! | J2: =I2-G2 -> #VALUE! | K2: =1-('기록입력_디스코드'!E8/'기록입력_디스코드'!E5/2) -> #VALUE! | L2: 40 | M2: 700 | N2: 1000 | O2: 20 | P2: 20 | Q2: =IF(ISNUMBER(SEARCH(A2,'디스코드 연동'!$B$4)),"Y","N") -> N | R2: 40 | S2: 0.2 | T2: 1500
A3: ='기록입력_디스코드'!$B$5 | B3: {=IFERROR(IF(INDEX('전적확인'!$A$2:$R1000,MATCH('기록입력_디스코드'!$B$5,'전적확인'!$A$1:$A1000,0)-1,18)=0,INDEX('전적확인'!$A$2:$R1000,MATCH('기록입력_디스코드'!$B$5,'전적확인'!$A$1:$A1000,0)-1,10)*$P$2+$N$2,INDEX('전적확인'!$A$2:$R1000,MATCH('기록입력_디스코드'!$B$5,'전적확인'!$A$1:$A1000,0)-1,18)),0)} -> 0 | C3: =1/(1+POWER(10,($G$6-B3)/$M$2)) -> 0.035936375 | D3: =ROUNDUP((B3+$L$2*(1-C3))+($L$2*(1-C3)*IFERROR(IF(Q3="Y",$S$2,0),0)),0) -> 47 | E3: =D3-B3 -> 47 | F3: ='기록입력_디스코드'!$B$8 | G3: {=IFERROR(IF(INDEX('전적확인'!$A$2:$R1000,MATCH('기록입력_디스코드'!$B$8,'전적확인'!$A$1:$A1000,0)-1,18)=0,INDEX('전적확인'!$A$2:$R1000,MATCH('기록입력_디스코드'!$B$8,'전적확인'!$A$1:$A1000,0)-1,10)*$P$2+$N$2,INDEX('전적확인'!$A$2:$R1000,MATCH('기록입력_디스코드'!$B$8,'전적확인'!$A$1:$A1000,0)-1,18)),0)} -> 0 | H3: =1/(1+POWER(10,($B$6-G3)/$T$2)) -> 0.17725503 | I3: =ROUND(G3+($R$2*(0-H3)*0.9*$K$2),0) -> #VALUE! | J3: =I3-G3 -> #VALUE! | Q3: =IF(ISNUMBER(SEARCH(A3,'디스코드 연동'!$B$4)),"Y","N") -> Y
A4: ='기록입력_디스코드'!$C$5 | B4: {=IFERROR(IF(INDEX('전적확인'!$A$2:$R1000,MATCH('기록입력_디스코드'!$C$5,'전적확인'!$A$1:$A1000,0)-1,18)=0,INDEX('전적확인'!$A$2:$R1000,MATCH('기록입력_디스코드'!$C$5,'전적확인'!$A$1:$A1000,0)-1,10)*$P$2+$N$2,INDEX('전적확인'!$A$2:$R1000,MATCH('기록입력_디스코드'!$C$5,'전적확인'!$A$1:$A1000,0)-1,18)),0)} -> 0 | C4: =1/(1+POWER(10,($G$6-B4)/$M$2)) -> 0.035936375 | D4: =ROUNDUP((B4+$L$2*(1-C4))+($L$2*(1-C4)*IFERROR(IF(Q4="Y",$S$2,0),0)),0) -> 47 | E4: =D4-B4 -> 47 | F4: ='기록입력_디스코드'!$C$8 | G4: {=IFERROR(IF(INDEX('전적확인'!$A$2:$R1000,MATCH('기록입력_디스코드'!$C$8,'전적확인'!$A$1:$A1000,0)-1,18)=0,INDEX('전적확인'!$A$2:$R1000,MATCH('기록입력_디스코드'!$C$8,'전적확인'!$A$1:$A1000,0)-1,10)*$P$2+$N$2,INDEX('전적확인'!$A$2:$R1000,MATCH('기록입력_디스코드'!$C$8,'전적확인'!$A$1:$A1000,0)-1,18)),0)} -> 0 | H4: =1/(1+POWER(10,($B$6-G4)/$T$2)) -> 0.17725503 | I4: =ROUND(G4+($R$2*(0-H4)*0.9*$K$2),0) -> #VALUE! | J4: =I4-G4 -> #VALUE! | K4: =1-(1/5/2) -> 0.9 | L4: =1-(2/5/2) -> 0.8 | M4: =1-(3/5/2) -> 0.7 | N4: =1-(4/5/2) -> 0.6 | Q4: =IF(ISNUMBER(SEARCH(A4,'디스코드 연동'!$B$4)),"Y","N") -> Y
A5: ='기록입력_디스코드'!$D$5 | B5: {=IFERROR(IF(INDEX('전적확인'!$A$2:$R1000,MATCH('기록입력_디스코드'!$D$5,'전적확인'!$A$1:$A1000,0)-1,18)=0,INDEX('전적확인'!$A$2:$R1000,MATCH('기록입력_디스코드'!$D$5,'전적확인'!$A$1:$A1000,0)-1,10)*$P$2+$N$2,INDEX('전적확인'!$A$2:$R1000,MATCH('기록입력_디스코드'!$D$5,'전적확인'!$A$1:$A1000,0)-1,18)),0)} -> 0 | C5: =1/(1+POWER(10,($G$6-B5)/$M$2)) -> 0.035936375 | D5: =ROUNDUP((B5+$L$2*(1-C5))+($L$2*(1-C5)*IFERROR(IF(Q5="Y",$S$2,0),0)),0) -> 47 | E5: =D5-B5 -> 47 | F5: ='기록입력_디스코드'!$D$8 | G5: {=IFERROR(IF(INDEX('전적확인'!$A$2:$R1000,MATCH('기록입력_디스코드'!$D$8,'전적확인'!$A$1:$A1000,0)-1,18)=0,INDEX('전적확인'!$A$2:$R1000,MATCH('기록입력_디스코드'!$D$8,'전적확인'!$A$1:$A1000,0)-1,10)*$P$2+$N$2,INDEX('전적확인'!$A$2:$R1000,MATCH('기록입력_디스코드'!$D$8,'전적확인'!$A$1:$A1000,0)-1,18)),0)} -> 0 | H5: =1/(1+POWER(10,($B$6-G5)/$T$2)) -> 0.17725503 | I5: =ROUND(G5+($R$2*(0-H5)*0.9*$K$2),0) -> #VALUE! | J5: =I5-G5 -> #VALUE! | Q5: =IF(ISNUMBER(SEARCH(A5,'디스코드 연동'!$B$4)),"Y","N") -> Y
A6: 평균값 | B6: =IFERROR(SUM(B2:B5)/B7,$N$2) -> 1000 | G6: =IFERROR(SUM(G2:G5)/G7,$N$2) -> 1000
A7: 명수 | B7: =countif($B$2:$B$5,">0") -> 0 | G7: =countif($G$2:$G$5,">0") -> 0

Sheet 점수MMR_디스코드Test
A1: 승리팀 | B1: 보유 점수 | C1: 예상승률 | D1: 반영 점수 | E1: 변경점수 | F1: 패배팀 | G1: 보유 점수 | H1: 예상승률 | I1: 반영 점수 | J1: 변경점수 | K1: 세트포인트 | L1: K값(승) | M1: 승률 상수 | N1: 최초 점수 | O1: 배치경기수 | P1: 배치경기 배점 | Q1: 승리팀 다캐릭여부 | R1: K값(패) | S1: 올캐릭 점수 | T1: 패배 상수
A2: ='기록입력_디스코드'!$A$5 -> #VALUE! | B2: {=IFERROR(IF(INDEX('전적확인'!$A$2:$R1000,MATCH('기록입력_디스코드'!$A$5,'전적확인'!$A$1:$A1000,0)-1,18)=0,INDEX('전적확인'!$A$2:$R1000,MATCH('기록입력_디스코드'!$A$5,'전적확인'!$A$1:$A1000,0)-1,10)*$P$2+$N$2,INDEX('전적확인'!$A$2:$R1000,MATCH('기록입력_디스코드'!$A$5,'전적확인'!$A$1:$A1000,0)-1,18)),0)} -> 0 | C2: =1/(1+POWER(10,($G$6-B2)/$M$2)) -> 0.035936375 | D2: =ROUNDUP((B2+$L$2*(1-C2))+($L$2*(1-C2)*IFERROR(IF(Q2="Y",$S$2,0),0)),0) -> 39 | E2: =D2-B2 -> 39 | F2: ='기록입력_디스코드'!$A$8 -> #VALUE! | G2: {=IFERROR(IF(INDEX('전적확인'!$A$2:$R1000,MATCH('기록입력_디스코드'!$A$8,'전적확인'!$A$1:$A1000,0)-1,18)=0,INDEX('전적확인'!$A$2:$R1000,MATCH('기록입력_디스코드'!$A$8,'전적확인'!$A$1:$A1000,0)-1,10)*$P$2+$N$2,INDEX('전적확인'!$A$2:$R1000,MATCH('기록입력_디스코드'!$A$8,'전적확인'!$A$1:$A1000,0)-1,18)),0)} -> 0 | H2: =1/(1+POWER(10,($B$6-G2)/$T$2)) -> 0.17725503 | I2: =ROUND(G2+($R$2*(0-H2)*0.9*$K$2),0) -> #VALUE! | J2: =I2-G2 -> #VALUE! | K2: =1-('기록입력_디스코드'!E8/'기록입력_디스코드'!E5/2) -> #VALUE! | L2: 40 | M2: 700 | N2: 1000 | O2: 20 | P2: 20 | Q2: =IF(ISNUMBER(SEARCH(A2,'디스코드 연동'!$B$4)),"Y","N") -> N | R2: 40 | S2: 0.2 | T2: 1500
A3: ='기록입력_디스코드'!$B$5 | B3: {=IFERROR(IF(INDEX('전적확인'!$A$2:$R1000,MATCH('기록입력_디스코드'!$B$5,'전적확인'!$A$1:$A1000,0)-1,18)=0,INDEX('전적확인'!$A$2:$R1000,MATCH('기록입력_디스코드'!$B$5,'전적확인'!$A$1:$A1000,0)-1,10)*$P$2+$N$2,INDEX('전적확인'!$A$2:$R1000,MATCH('기록입력_디스코드'!$B$5,'전적확인'!$A$1:$A1000,0)-1,18)),0)} -> 0 | C3: =1/(1+POWER(10,($G$6-B3)/$M$2)) -> 0.035936375 | D3: =ROUNDUP((B3+$L$2*(1-C3))+($L$2*(1-C3)*IFERROR(IF(Q3="Y",$S$2,0),0)),0) -> 47 | E3: =D3-B3 -> 47 | F3: ='기록입력_디스코드'!$B$8 | G3: {=IFERROR(IF(INDEX('전적확인'!$A$2:$R1000,MATCH('기록입력_디스코드'!$B$8,'전적확인'!$A$1:$A1000,0)-1,18)=0,INDEX('전적확인'!$A$2:$R1000,MATCH('기록입력_디스코드'!$B$8,'전적확인'!$A$1:$A1000,0)-1,10)*$P$2+$N$2,INDEX('전적확인'!$A$2:$R1000,MATCH('기록입력_디스코드'!$B$8,'전적확인'!$A$1:$A1000,0)-1,18)),0)} -> 0 | H3: =1/(1+POWER(10,($B$6-G3)/$T$2)) -> 0.17725503 | I3: =ROUND(G3+($R$2*(0-H3)*0.9*$K$2),0) -> #VALUE! | J3: =I3-G3 -> #VALUE! | Q3: =IF(ISNUMBER(SEARCH(A3,'디스코드 연동'!$B$4)),"Y","N") -> Y
A4: ='기록입력_디스코드'!$C$5 | B4: {=IFERROR(IF(INDEX('전적확인'!$A$2:$R1000,MATCH('기록입력_디스코드'!$C$5,'전적확인'!$A$1:$A1000,0)-1,18)=0,INDEX('전적확인'!$A$2:$R1000,MATCH('기록입력_디스코드'!$C$5,'전적확인'!$A$1:$A1000,0)-1,10)*$P$2+$N$2,INDEX('전적확인'!$A$2:$R1000,MATCH('기록입력_디스코드'!$C$5,'전적확인'!$A$1:$A1000,0)-1,18)),0)} -> 0 | C4: =1/(1+POWER(10,($G$6-B4)/$M$2)) -> 0.035936375 | D4: =ROUNDUP((B4+$L$2*(1-C4))+($L$2*(1-C4)*IFERROR(IF(Q4="Y",$S$2,0),0)),0) -> 47 | E4: =D4-B4 -> 47 | F4: ='기록입력_디스코드'!$C$8 | G4: {=IFERROR(IF(INDEX('전적확인'!$A$2:$R1000,MATCH('기록입력_디스코드'!$C$8,'전적확인'!$A$1:$A1000,0)-1,18)=0,INDEX('전적확인'!$A$2:$R1000,MATCH('기록입력_디스코드'!$C$8,'전적확인'!$A$1:$A1000,0)-1,10)*$P$2+$N$2,INDEX('전적확인'!$A$2:$R1000,MATCH('기록입력_디스코드'!$C$8,'전적확인'!$A$1:$A1000,0)-1,18)),0)} -> 0 | H4: =1/(1+POWER(10,($B$6-G4)/$T$2)) -> 0.17725503 | I4: =ROUND(G4+($R$2*(0-H4)*0.9*$K$2),0) -> #VALUE! | J4: =I4-G4 -> #VALUE! | K4: =1-(1/5/2) -> 0.9 | L4: =1-(2/5/2) -> 0.8 | M4: =1-(3/5/2) -> 0.7 | N4: =1-(4/5/2) -> 0.6 | Q4: =IF(ISNUMBER(SEARCH(A4,'디스코드 연동'!$B$4)),"Y","N") -> Y
A5: ='기록입력_디스코드'!$D$5 | B5: {=IFERROR(IF(INDEX('전적확인'!$A$2:$R1000,MATCH('기록입력_디스코드'!$D$5,'전적확인'!$A$1:$A1000,0)-1,18)=0,INDEX('전적확인'!$A$2:$R1000,MATCH('기록입력_디스코드'!$D$5,'전적확인'!$A$1:$A1000,0)-1,10)*$P$2+$N$2,INDEX('전적확인'!$A$2:$R1000,MATCH('기록입력_디스코드'!$D$5,'전적확인'!$A$1:$A1000,0)-1,18)),0)} -> 0 | C5: =1/(1+POWER(10,($G$6-B5)/$M$2)) -> 0.035936375 | D5: =ROUNDUP((B5+$L$2*(1-C5))+($L$2*(1-C5)*IFERROR(IF(Q5="Y",$S$2,0),0)),0) -> 47 | E5: =D5-B5 -> 47 | F5: ='기록입력_디스코드'!$D$8 | G5: {=IFERROR(IF(INDEX('전적확인'!$A$2:$R1000,MATCH('기록입력_디스코드'!$D$8,'전적확인'!$A$1:$A1000,0)-1,18)=0,INDEX('전적확인'!$A$2:$R1000,MATCH('기록입력_디스코드'!$D$8,'전적확인'!$A$1:$A1000,0)-1,10)*$P$2+$N$2,INDEX('전적확인'!$A$2:$R1000,MATCH('기록입력_디스코드'!$D$8,'전적확인'!$A$1:$A1000,0)-1,18)),0)} -> 0 | H5: =1/(1+POWER(10,($B$6-G5)/$T$2)) -> 0.17725503 | I5: =ROUND(G5+($R$2*(0-H5)*0.9*$K$2),0) -> #VALUE! | J5: =I5-G5 -> #VALUE! | Q5: =IF(ISNUMBER(SEARCH(A5,'디스코드 연동'!$B$4)),"Y","N") -> Y
A6: 평균값 | B6: =IFERROR(SUM(B2:B5)/B7,$N$2) -> 1000 | G6: =IFERROR(SUM(G2:G5)/G7,$N$2) -> 1000
A7: 명수 | B7: =countif($B$2:$B$5,">0") -> 0 | G7: =countif($G$2:$G$5,">0") -> 0

Sheet 사용자목록
A1: 유저ID | B1: 드루 캐릭명 | C1: 어쎄 캐릭명 | D1: 네크 캐릭명 | E1: 슴딘 캐릭명 | F1: 올캐릭 | G1: 트로피 | H1: =I1+J1 -> 0 | I1: =iferror(vlookup(A1,'전적확인'!$A$2:$S$61,10,0),0) + iferror(vlookup(A1,'전적확인_베타시즌'!$A$2:$S$100,10,0),0)+iferror(vlookup(A1,'전적확인_시즌1'!$A$2:$S$100,10,0),0)+iferror(vlookup(A1,'전적확인_시즌2'!$A$2:$S$100,10,0),0)+iferror(vlookup(A1,'전적확인_시즌3'!$A$2:$S$100,10,0),0) + iferror(vlookup(A1,'전적확인_시즌4'!$A$2:$S$100,10,0),0) + iferror(vlookup(A1,'전적확인_시즌5'!$A$2:$S$100,10,0),0) + iferror(vlookup(A1,'전적확인_시즌6'!$A$2:$S$100,10,0),0) + iferror(vlookup(A1,'전적확인_시즌7'!$A$2:$S$100,10,0),0) + iferror(vlookup(A1,'전적확인_시즌8'!$A$2:$S$100,10,0),0) + iferror(vlookup(A1,'전적확인_시즌9'!$A$2:$S$100,10,0),0) + iferror(vlookup(A1,'전적확인_시즌10'!$A$2:$S$100,10,0),0) + iferror(vlookup(A1,'전적확인_시즌11'!$A$2:$S$100,10,0),0) + iferror(vlookup(A1,'전적확인_시즌12'!$A$2:$S$100,10,0),0) + iferror(vlookup(A1,'전적확인_시즌13'!$A$2:$S$100,10,0),0) + iferror(vlookup(A1,'전적확인_시즌14'!$A$2:$S$100,10,0),0) + iferror(vlookup(A1,'전적확인_시즌15'!$A$2:$S$100,10,0),0) + iferror(vlookup(A1,'전적확인_시즌16'!$A$2:$S$100,10,0),0) + iferror(vlookup(A1,'전적확인_시즌17'!$A$2:$S$100,10,0),0) + iferror(vlookup(A1,'전적확인_시즌17'!$A$2:$S$100,10,0),0) + iferror(vlookup(A1,'전적확인_시즌18'!$A$2:$S$100,10,0),0) + iferror(vlookup(A1,'전적확인_시즌19'!$A$2:$S$100,10,0),0) + iferror(vlookup(A1,'전적확인_시즌20'!$A$2:$S$100,10,0),0) + iferror(vlookup(A1,'전적확인_시즌21'!$A$2:$S$100,10,0),0) + iferror(vlookup(A1,'전적확인_시즌22'!$A$2:$S$100,10,0),0) + iferror(vlookup(A1,'전적확인_시즌23'!$A$2:$S$100,10,0),0) + iferror(vlookup(A1,'전적확인_시즌24'!$A$2:$S$100,10,0),0) + iferror(vlookup(A1,'전적확인_시즌25'!$A$2:$S$100,10,0),0) + iferror(vlookup(A1,'전적확인_시즌26'!$A$2:$S$100,10,0),0) + iferror(vlookup(A1,'전적확인_시즌27'!$A$2:$S$100,10,0),0) + iferror(vlookup(A1,'전적확인_시즌28'!$A$2:$S$100,10,0),0) + iferror(vlookup(A1,'전적확인_시즌29'!$A$2:$S$100,10,0),0) + iferror(vlookup(A1,'전적확인_시즌30'!$A$2:$S$100,10,0),0) -> 0 | J1: =iferror(vlookup(A1,'전적확인'!$A$2:$S$61,11,0),0) + iferror(vlookup(A1,'전적확인_베타시즌'!$A$2:$S$100,11,0),0)+iferror(vlookup(A1,'전적확인_시즌1'!$A$2:$S$100,11,0),0)+iferror(vlookup(A1,'전적확인_시즌2'!$A$2:$S$100,11,0),0)+iferror(vlookup(A1,'전적확인_시즌3'!$A$2:$S$100,11,0),0) + iferror(vlookup(A1,'전적확인_시즌4'!$A$2:$S$100,11,0),0) + iferror(vlookup(A1,'전적확인_시즌5'!$A$2:$S$100,11,0),0) + iferror(vlookup(A1,'전적확인_시즌6'!$A$2:$S$100,11,0),0) + iferror(vlookup(A1,'전적확인_시즌7'!$A$2:$S$100,11,0),0) + iferror(vlookup(A1,'전적확인_시즌8'!$A$2:$S$100,11,0),0) + iferror(vlookup(A1,'전적확인_시즌9'!$A$2:$S$100,11,0),0) + iferror(vlookup(A1,'전적확인_시즌10'!$A$2:$S$100,11,0),0) + iferror(vlookup(A1,'전적확인_시즌11'!$A$2:$S$100,11,0),0) + iferror(vlookup(A1,'전적확인_시즌12'!$A$2:$S$100,11,0),0) + iferror(vlookup(A1,'전적확인_시즌13'!$A$2:$S$100,11,0),0) + iferror(vlookup(A1,'전적확인_시즌14'!$A$2:$S$100,11,0),0) + iferror(vlookup(A1,'전적확인_시즌15'!$A$2:$S$100,11,0),0) + iferror(vlookup(A1,'전적확인_시즌16'!$A$2:$S$100,11,0),0) + iferror(vlookup(A1,'전적확인_시즌17'!$A$2:$S$100,11,0),0) + iferror(vlookup(A1,'전적확인_시즌17'!$A$2:$S$100,11,0),0) + iferror(vlookup(A1,'전적확인_시즌18'!$A$2:$S$100,11,0),0) + iferror(vlookup(A1,'전적확인_시즌19'!$A$2:$S$100,11,0),0) + iferror(vlookup(A1,'전적확인_시즌20'!$A$2:$S$100,11,0),0) + iferror(vlookup(A1,'전적확인_시즌21'!$A$2:$S$100,11,0),0) + iferror(vlookup(A1,'전적확인_시즌22'!$A$2:$S$100,11,0),0) + iferror(vlookup(A1,'전적확인_시즌23'!$A$2:$S$100,11,0),0) + iferror(vlookup(A1,'전적확인_시즌24'!$A$2:$S$100,11,0),0) + iferror(vlookup(A1,'전적확인_시즌25'!$A$2:$S$100,11,0),0) + iferror(vlookup(A1,'전적확인_시즌26'!$A$2:$S$100,11,0),0) + iferror(vlookup(A1,'전적확인_시즌27'!$A$2:$S$100,11,0),0) + iferror(vlookup(A1,'전적확인_시즌28'!$A$2:$S$100,11,0),0) + iferror(vlookup(A1,'전적확인_시즌29'!$A$2:$S$100,11,0),0) + iferror(vlookup(A1,'전적확인_시즌30'!$A$2:$S$100,11,0),0) -> 0 | K1: =iferror(Round(I1/H1 * 100, 2),0) -> 0 | L1: {=iferror(vlookup(A1,INDIRECT('시즌목록'!$H$2 & "!$A$2:$S$100"),10,0),0)} -> 0 | M1: {=iferror(vlookup(A1,INDIRECT('시즌목록'!$H$2 & "!$A$2:$S$100"),11,0),0)} -> 0 | N1: =iferror(Round(L1/(L1+M1) * 100, 2),0) -> 0 | O1: =if(and(N1>=60, L1+M1>=50),"마스터",if(and(N1>=55, L1+M1>=50),"다이아", if(and(N1>=50, L1+M1>=50),"플래티넘", if(and(N1>=40, L1+M1>=50),"골드" , if(and(N1>=30, L1+M1>=50),"실버", if(and(N1>=0, L1+M1>=50),"브론즈","아이언")))))) -> 아이언 | P1: =iferror(vlookup(A1,'전적확인'!$A$2:$S$61,2,0),0)+ iferror(vlookup(A1,'전적확인_베타시즌'!$A$2:$S$100,2,0),0)+iferror(vlookup(A1,'전적확인_시즌1'!$A$2:$S$100,2,0),0)+iferror(vlookup(A1,'전적확인_시즌2'!$A$2:$S$100,2,0),0)+iferror(vlookup(A1,'전적확인_시즌3'!$A$2:$S$100,2,0),0) + iferror(vlookup(A1,'전적확인_시즌4'!$A$2:$S$100,2,0),0) + iferror(vlookup(A1,'전적확인_시즌5'!$A$2:$S$100,2,0),0) + iferror(vlookup(A1,'전적확인_시즌6'!$A$2:$S$100,2,0),0) + iferror(vlookup(A1,'전적확인_시즌7'!$A$2:$S$100,2,0),0) + iferror(vlookup(A1,'전적확인_시즌8'!$A$2:$S$100,2,0),0) + iferror(vlookup(A1,'전적확인_시즌9'!$A$2:$S$100,2,0),0) + iferror(vlookup(A1,'전적확인_시즌10'!$A$2:$S$100,2,0),0) + iferror(vlookup(A1,'전적확인_시즌11'!$A$2:$S$100,2,0),0) + iferror(vlookup(A1,'전적확인_시즌12'!$A$2:$S$100,2,0),0) + iferror(vlookup(A1,'전적확인_시즌13'!$A$2:$S$100,2,0),0) + iferror(vlookup(A1,'전적확인_시즌14'!$A$2:$S$100,2,0),0) + iferror(vlookup(A1,'전적확인_시즌15'!$A$2:$S$100,2,0),0) + iferror(vlookup(A1,'전적확인_시즌16'!$A$2:$S$100,2,0),0) + iferror(vlookup(A1,'전적확인_시즌17'!$A$2:$S$100,2,0),0) + iferror(vlookup(A1,'전적확인_시즌17'!$A$2:$S$100,2,0),0) + iferror(vlookup(A1,'전적확인_시즌18'!$A$2:$S$100,2,0),0) + iferror(vlookup(A1,'전적확인_시즌19'!$A$2:$S$100,2,0),0) + iferror(vlookup(A1,'전적확인_시즌20'!$A$2:$S$100,2,0),0) + iferror(vlookup(A1,'전적확인_시즌21'!$A$2:$S$100,2,0),0) + iferror(vlookup(A1,'전적확인_시즌22'!$A$2:$S$100,2,0),0) + iferror(vlookup(A1,'전적확인_시즌23'!$A$2:$S$100,2,0),0) + iferror(vlookup(A1,'전적확인_시즌24'!$A$2:$S$100,2,0),0) + iferror(vlookup(A1,'전적확인_시즌25'!$A$2:$S$100,2,0),0) + iferror(vlookup(A1,'전적확인_시즌26'!$A$2:$S$100,2,0),0) + iferror(vlookup(A1,'전적확인_시즌27'!$A$2:$S$100,2,0),0) + iferror(vlookup(A1,'전적확인_시즌28'!$A$2:$S$100,2,0),0) + iferror(vlookup(A1,'전적확인_시즌29'!$A$2:$S$100,2,0),0) + iferror(vlookup(A1,'전적확인_시즌30'!$A$2:$S$100,2,0),0) -> 0 | Q1: =iferror(vlookup(A1,'전적확인'!$A$2:$S$61,3,0),0)+ iferror(vlookup(A1,'전적확인_베타시즌'!$A$2:$S$100,3,0),0)+iferror(vlookup(A1,'전적확인_시즌1'!$A$2:$S$100,3,0),0)+iferror(vlookup(A1,'전적확인_시즌2'!$A$2:$S$100,3,0),0)+iferror(vlookup(A1,'전적확인_시즌3'!$A$2:$S$100,3,0),0) + iferror(vlookup(A1,'전적확인_시즌4'!$A$2:$S$100,3,0),0) + iferror(vlookup(A1,'전적확인_시즌5'!$A$2:$S$100,3,0),0) + iferror(vlookup(A1,'전적확인_시즌6'!$A$2:$S$100,3,0),0) + iferror(vlookup(A1,'전적확인_시즌7'!$A$2:$S$100,3,0),0) + iferror(vlookup(A1,'전적확인_시즌8'!$A$2:$S$100,3,0),0) + iferror(vlookup(A1,'전적확인_시즌9'!$A$2:$S$100,3,0),0) + iferror(vlookup(A1,'전적확인_시즌10'!$A$2:$S$100,3,0),0) + iferror(vlookup(A1,'전적확인_시즌11'!$A$2:$S$100,3,0),0) + iferror(vlookup(A1,'전적확인_시즌12'!$A$2:$S$100,3,0),0) + iferror(vlookup(A1,'전적확인_시즌13'!$A$2:$S$100,3,0),0) + iferror(vlookup(A1,'전적확인_시즌14'!$A$2:$S$100,3,0),0) + iferror(vlookup(A1,'전적확인_시즌15'!$A$2:$S$100,3,0),0) + iferror(vlookup(A1,'전적확인_시즌16'!$A$2:$S$100,3,0),0) + iferror(vlookup(A1,'전적확인_시즌17'!$A$2:$S$100,3,0),0) + iferror(vlookup(A1,'전적확인_시즌17'!$A$2:$S$100,3,0),0) + iferror(vlookup(A1,'전적확인_시즌18'!$A$2:$S$100,3,0),0) + iferror(vlookup(A1,'전적확인_시즌19'!$A$2:$S$100,3,0),0) + iferror(vlookup(A1,'전적확인_시즌20'!$A$2:$S$100,3,0),0) + iferror(vlookup(A1,'전적확인_시즌21'!$A$2:$S$100,3,0),0) + iferror(vlookup(A1,'전적확인_시즌22'!$A$2:$S$100,3,0),0) + iferror(vlookup(A1,'전적확인_시즌23'!$A$2:$S$100,3,0),0) + iferror(vlookup(A1,'전적확인_시즌24'!$A$2:$S$100,3,0),0) + iferror(vlookup(A1,'전적확인_시즌25'!$A$2:$S$100,3,0),0) + iferror(vlookup(A1,'전적확인_시즌26'!$A$2:$S$100,3,0),0) + iferror(vlookup(A1,'전적확인_시즌27'!$A$2:$S$100,3,0),0) + iferror(vlookup(A1,'전적확인_시즌28'!$A$2:$S$100,3,0),0) + iferror(vlookup(A1,'전적확인_시즌29'!$A$2:$S$100,3,0),0) + iferror(vlookup(A1,'전적확인_시즌30'!$A$2:$S$100,3,0),0) -> 0 | R1: =iferror(Round((P1/(P1+Q1)*100),2),0) -> 0 | S1: =iferror(vlookup(A1,'전적확인'!$A$2:$S$61,4,0),0) + iferror(vlookup(A1,'전적확인_베타시즌'!$A$2:$S$100,4,0),0)+iferror(vlookup(A1,'전적확인_시즌1'!$A$2:$S$100,4,0),0)+iferror(vlookup(A1,'전적확인_시즌2'!$A$2:$S$100,4,0),0)+iferror(vlookup(A1,'전적확인_시즌3'!$A$2:$S$100,4,0),0) + iferror(vlookup(A1,'전적확인_시즌4'!$A$2:$S$100,4,0),0) + iferror(vlookup(A1,'전적확인_시즌5'!$A$2:$S$100,4,0),0) + iferror(vlookup(A1,'전적확인_시즌6'!$A$2:$S$100,4,0),0) + iferror(vlookup(A1,'전적확인_시즌7'!$A$2:$S$100,4,0),0) + iferror(vlookup(A1,'전적확인_시즌8'!$A$2:$S$100,4,0),0) + iferror(vlookup(A1,'전적확인_시즌9'!$A$2:$S$100,4,0),0) + iferror(vlookup(A1,'전적확인_시즌10'!$A$2:$S$100,4,0),0) + iferror(vlookup(A1,'전적확인_시즌11'!$A$2:$S$100,4,0),0) + iferror(vlookup(A1,'전적확인_시즌12'!$A$2:$S$100,4,0),0) + iferror(vlookup(A1,'전적확인_시즌13'!$A$2:$S$100,4,0),0) + iferror(vlookup(A1,'전적확인_시즌14'!$A$2:$S$100,4,0),0) + iferror(vlookup(A1,'전적확인_시즌15'!$A$2:$S$100,4,0),0) + iferror(vlookup(A1,'전적확인_시즌16'!$A$2:$S$100,4,0),0) + iferror(vlookup(A1,'전적확인_시즌17'!$A$2:$S$100,4,0),0) + iferror(vlookup(A1,'전적확인_시즌17'!$A$2:$S$100,4,0),0) + iferror(vlookup(A1,'전적확인_시즌18'!$A$2:$S$100,4,0),0) + iferror(vlookup(A1,'전적확인_시즌19'!$A$2:$S$100,4,0),0) + iferror(vlookup(A1,'전적확인_시즌20'!$A$2:$S$100,4,0),0) + iferror(vlookup(A1,'전적확인_시즌21'!$A$2:$S$100,4,0),0) + iferror(vlookup(A1,'전적확인_시즌22'!$A$2:$S$100,4,0),0) + iferror(vlookup(A1,'전적확인_시즌23'!$A$2:$S$100,4,0),0) + iferror(vlookup(A1,'전적확인_시즌24'!$A$2:$S$100,4,0),0) + iferror(vlookup(A1,'전적확인_시즌25'!$A$2:$S$100,4,0),0) + iferror(vlookup(A1,'전적확인_시즌26'!$A$2:$S$100,4,0),0) + iferror(vlookup(A1,'전적확인_시즌27'!$A$2:$S$100,4,0),0) + iferror(vlookup(A1,'전적확인_시즌28'!$A$2:$S$100,4,0),0) + iferror(vlookup(A1,'전적확인_시즌29'!$A$2:$S$100,4,0),0) + iferror(vlookup(A1,'전적확인_시즌30'!$A$2:$S$100,4,0),0) -> 0 | T1: =iferror(vlookup(A1,'전적확인'!$A$2:$S$61,5,0),0) + iferror(vlookup(A1,'전적확인_베타시즌'!$A$2:$S$100,5,0),0)+iferror(vlookup(A1,'전적확인_시즌1'!$A$2:$S$100,5,0),0)+iferror(vlookup(A1,'전적확인_시즌2'!$A$2:$S$100,5,0),0)+iferror(vlookup(A1,'전적확인_시즌3'!$A$2:$S$100,5,0),0) + iferror(vlookup(A1,'전적확인_시즌4'!$A$2:$S$100,5,0),0) + iferror(vlookup(A1,'전적확인_시즌5'!$A$2:$S$100,5,0),0) + iferror(vlookup(A1,'전적확인_시즌6'!$A$2:$S$100,5,0),0) + iferror(vlookup(A1,'전적확인_시즌7'!$A$2:$S$100,5,0),0) + iferror(vlookup(A1,'전적확인_시즌8'!$A$2:$S$100,5,0),0) + iferror(vlookup(A1,'전적확인_시즌9'!$A$2:$S$100,5,0),0) + iferror(vlookup(A1,'전적확인_시즌10'!$A$2:$S$100,5,0),0) + iferror(vlookup(A1,'전적확인_시즌11'!$A$2:$S$100,5,0),0) + iferror(vlookup(A1,'전적확인_시즌12'!$A$2:$S$100,5,0),0) + iferror(vlookup(A1,'전적확인_시즌13'!$A$2:$S$100,5,0),0) + iferror(vlookup(A1,'전적확인_시즌14'!$A$2:$S$100,5,0),0) + iferror(vlookup(A1,'전적확인_시즌15'!$A$2:$S$100,5,0),0) + iferror(vlookup(A1,'전적확인_시즌16'!$A$2:$S$100,5,0),0) + iferror(vlookup(A1,'전적확인_시즌17'!$A$2:$S$100,5,0),0) + iferror(vlookup(A1,'전적확인_시즌17'!$A$2:$S$100,5,0),0) + iferror(vlookup(A1,'전적확인_시즌18'!$A$2:$S$100,5,0),0) + iferror(vlookup(A1,'전적확인_시즌19'!$A$2:$S$100,5,0),0) + iferror(vlookup(A1,'전적확인_시즌20'!$A$2:$S$100,5,0),0) + iferror(vlookup(A1,'전적확인_시즌21'!$A$2:$S$100,5,0),0) + iferror(vlookup(A1,'전적확인_시즌22'!$A$2:$S$100,5,0),0) + iferror(vlookup(A1,'전적확인_시즌23'!$A$2:$S$100,5,0),0) + iferror(vlookup(A1,'전적확인_시즌24'!$A$2:$S$100,5,0),0) + iferror(vlookup(A1,'전적확인_시즌25'!$A$2:$S$100,5,0),0) + iferror(vlookup(A1,'전적확인_시즌26'!$A$2:$S$100,5,0),0) + iferror(vlookup(A1,'전적확인_시즌27'!$A$2:$S$100,5,0),0) + iferror(vlookup(A1,'전적확인_시즌28'!$A$2:$S$100,5,0),0) + iferror(vlookup(A1,'전적확인_시즌29'!$A$2:$S$100,5,0),0) + iferror(vlookup(A1,'전적확인_시즌30'!$A$2:$S$100,5,0),0) -> 0 | U1: =iferror(Round((S1/(S1+T1)*100),2),0) -> 0 | V1: =iferror(vlookup(A1,'전적확인'!$A$2:$S$61,6,0),0)+ iferror(vlookup(A1,'전적확인_베타시즌'!$A$2:$S$100,6,0),0)+iferror(vlookup(A1,'전적확인_시즌1'!$A$2:$S$100,6,0),0)+iferror(vlookup(A1,'전적확인_시즌2'!$A$2:$S$100,6,0),0)+iferror(vlookup(A1,'전적확인_시즌3'!$A$2:$S$100,6,0),0) + iferror(vlookup(A1,'전적확인_시즌4'!$A$2:$S$100,6,0),0) + iferror(vlookup(A1,'전적확인_시즌5'!$A$2:$S$100,6,0),0) + iferror(vlookup(A1,'전적확인_시즌6'!$A$2:$S$100,6,0),0) + iferror(vlookup(A1,'전적확인_시즌7'!$A$2:$S$100,6,0),0) + iferror(vlookup(A1,'전적확인_시즌8'!$A$2:$S$100,6,0),0) + iferror(vlookup(A1,'전적확인_시즌9'!$A$2:$S$100,6,0),0) + iferror(vlookup(A1,'전적확인_시즌10'!$A$2:$S$100,6,0),0) + iferror(vlookup(A1,'전적확인_시즌11'!$A$2:$S$100,6,0),0) + iferror(vlookup(A1,'전적확인_시즌12'!$A$2:$S$100,6,0),0) + iferror(vlookup(A1,'전적확인_시즌13'!$A$2:$S$100,6,0),0) + iferror(vlookup(A1,'전적확인_시즌14'!$A$2:$S$100,6,0),0) + iferror(vlookup(A1,'전적확인_시즌15'!$A$2:$S$100,6,0),0) + iferror(vlookup(A1,'전적확인_시즌16'!$A$2:$S$100,6,0),0) + iferror(vlookup(A1,'전적확인_시즌17'!$A$2:$S$100,6,0),0) + iferror(vlookup(A1,'전적확인_시즌17'!$A$2:$S$100,6,0),0) + iferror(vlookup(A1,'전적확인_시즌18'!$A$2:$S$100,6,0),0) + iferror(vlookup(A1,'전적확인_시즌19'!$A$2:$S$100,6,0),0) + iferror(vlookup(A1,'전적확인_시즌20'!$A$2:$S$100,6,0),0) + iferror(vlookup(A1,'전적확인_시즌21'!$A$2:$S$100,6,0),0) + iferror(vlookup(A1,'전적확인_시즌22'!$A$2:$S$100,6,0),0) + iferror(vlookup(A1,'전적확인_시즌23'!$A$2:$S$100,6,0),0) + iferror(vlookup(A1,'전적확인_시즌24'!$A$2:$S$100,6,0),0) + iferror(vlookup(A1,'전적확인_시즌25'!$A$2:$S$100,6,0),0) + iferror(vlookup(A1,'전적확인_시즌26'!$A$2:$S$100,6,0),0) + iferror(vlookup(A1,'전적확인_시즌27'!$A$2:$S$100,6,0),0) + iferror(vlookup(A1,'전적확인_시즌28'!$A$2:$S$100,6,0),0) + iferror(vlookup(A1,'전적확인_시즌29'!$A$2:$S$100,6,0),0) + iferror(vlookup(A1,'전적확인_시즌30'!$A$2:$S$100,6,0),0) -> 0 | W1: =iferror(vlookup(A1,'전적확인'!$A$2:$S$61,7,0),0)+ iferror(vlookup(A1,'전적확인_베타시즌'!$A$2:$S$100,7,0),0)+iferror(vlookup(A1,'전적확인_시즌1'!$A$2:$S$100,7,0),0)+iferror(vlookup(A1,'전적확인_시즌2'!$A$2:$S$100,7,0),0)+iferror(vlookup(A1,'전적확인_시즌3'!$A$2:$S$100,7,0),0) + iferror(vlookup(A1,'전적확인_시즌4'!$A$2:$S$100,7,0),0) + iferror(vlookup(A1,'전적확인_시즌5'!$A$2:$S$100,7,0),0) + iferror(vlookup(A1,'전적확인_시즌6'!$A$2:$S$100,7,0),0) + iferror(vlookup(A1,'전적확인_시즌7'!$A$2:$S$100,7,0),0) + iferror(vlookup(A1,'전적확인_시즌8'!$A$2:$S$100,7,0),0) + iferror(vlookup(A1,'전적확인_시즌9'!$A$2:$S$100,7,0),0) + iferror(vlookup(A1,'전적확인_시즌10'!$A$2:$S$100,7,0),0) + iferror(vlookup(A1,'전적확인_시즌11'!$A$2:$S$100,7,0),0) + iferror(vlookup(A1,'전적확인_시즌12'!$A$2:$S$100,7,0),0) + iferror(vlookup(A1,'전적확인_시즌13'!$A$2:$S$100,7,0),0) + iferror(vlookup(A1,'전적확인_시즌14'!$A$2:$S$100,7,0),0) + iferror(vlookup(A1,'전적확인_시즌15'!$A$2:$S$100,7,0),0) + iferror(vlookup(A1,'전적확인_시즌16'!$A$2:$S$100,7,0),0) + iferror(vlookup(A1,'전적확인_시즌17'!$A$2:$S$100,7,0),0) + iferror(vlookup(A1,'전적확인_시즌17'!$A$2:$S$100,7,0),0) + iferror(vlookup(A1,'전적확인_시즌18'!$A$2:$S$100,7,0),0) + iferror(vlookup(A1,'전적확인_시즌19'!$A$2:$S$100,7,0),0) + iferror(vlookup(A1,'전적확인_시즌20'!$A$2:$S$100,7,0),0) + iferror(vlookup(A1,'전적확인_시즌21'!$A$2:$S$100,7,0),0) + iferror(vlookup(A1,'전적확인_시즌22'!$A$2:$S$100,7,0),0) + iferror(vlookup(A1,'전적확인_시즌23'!$A$2:$S$100,7,0),0) + iferror(vlookup(A1,'전적확인_시즌24'!$A$2:$S$100,7,0),0) + iferror(vlookup(A1,'전적확인_시즌25'!$A$2:$S$100,7,0),0) + iferror(vlookup(A1,'전적확인_시즌26'!$A$2:$S$100,7,0),0) + iferror(vlookup(A1,'전적확인_시즌27'!$A$2:$S$100,7,0),0) + iferror(vlookup(A1,'전적확인_시즌28'!$A$2:$S$100,7,0),0) + iferror(vlookup(A1,'전적확인_시즌29'!$A$2:$S$100,7,0),0) + iferror(vlookup(A1,'전적확인_시즌30'!$A$2:$S$100,7,0),0) -> 0 | X1: =iferror(Round((V1/(V1+W1)*100),2),0) -> 0 | Y1: =iferror(vlookup(A1,'전적확인'!$A$2:$S$61,8,0),0) + iferror(vlookup(A1,'전적확인_베타시즌'!$A$2:$S$100,8,0),0)+iferror(vlookup(A1,'전적확인_시즌1'!$A$2:$S$100,8,0),0)+iferror(vlookup(A1,'전적확인_시즌2'!$A$2:$S$100,8,0),0)+iferror(vlookup(A1,'전적확인_시즌3'!$A$2:$S$100,8,0),0) + iferror(vlookup(A1,'전적확인_시즌4'!$A$2:$S$100,8,0),0) + iferror(vlookup(A1,'전적확인_시즌5'!$A$2:$S$100,8,0),0) + iferror(vlookup(A1,'전적확인_시즌6'!$A$2:$S$100,8,0),0) + iferror(vlookup(A1,'전적확인_시즌7'!$A$2:$S$100,8,0),0) + iferror(vlookup(A1,'전적확인_시즌8'!$A$2:$S$100,8,0),0) + iferror(vlookup(A1,'전적확인_시즌9'!$A$2:$S$100,8,0),0) + iferror(vlookup(A1,'전적확인_시즌10'!$A$2:$S$100,8,0),0) + iferror(vlookup(A1,'전적확인_시즌11'!$A$2:$S$100,8,0),0) + iferror(vlookup(A1,'전적확인_시즌12'!$A$2:$S$100,8,0),0) + iferror(vlookup(A1,'전적확인_시즌13'!$A$2:$S$100,8,0),0) + iferror(vlookup(A1,'전적확인_시즌14'!$A$2:$S$100,8,0),0) + iferror(vlookup(A1,'전적확인_시즌15'!$A$2:$S$100,8,0),0) + iferror(vlookup(A1,'전적확인_시즌16'!$A$2:$S$100,8,0),0) + iferror(vlookup(A1,'전적확인_시즌17'!$A$2:$S$100,8,0),0) + iferror(vlookup(A1,'전적확인_시즌17'!$A$2:$S$100,8,0),0) + iferror(vlookup(A1,'전적확인_시즌18'!$A$2:$S$100,8,0),0) + iferror(vlookup(A1,'전적확인_시즌19'!$A$2:$S$100,8,0),0) + iferror(vlookup(A1,'전적확인_시즌20'!$A$2:$S$100,8,0),0) + iferror(vlookup(A1,'전적확인_시즌21'!$A$2:$S$100,8,0),0) + iferror(vlookup(A1,'전적확인_시즌22'!$A$2:$S$100,8,0),0) + iferror(vlookup(A1,'전적확인_시즌23'!$A$2:$S$100,8,0),0) + iferror(vlookup(A1,'전적확인_시즌24'!$A$2:$S$100,8,0),0) + iferror(vlookup(A1,'전적확인_시즌25'!$A$2:$S$100,8,0),0) + iferror(vlookup(A1,'전적확인_시즌26'!$A$2:$S$100,8,0),0) + iferror(vlookup(A1,'전적확인_시즌27'!$A$2:$S$100,8,0),0) + iferror(vlookup(A1,'전적확인_시즌28'!$A$2:$S$100,8,0),0) + iferror(vlookup(A1,'전적확인_시즌29'!$A$2:$S$100,8,0),0) + iferror(vlookup(A1,'전적확인_시즌30'!$A$2:$S$100,8,0),0) -> 0 | Z1: =iferror(vlookup(A1,'전적확인'!$A$2:$S$61,9,0),0) + iferror(vlookup(A1,'전적확인_베타시즌'!$A$2:$S$100,9,0),0)+iferror(vlookup(A1,'전적확인_시즌1'!$A$2:$S$100,9,0),0)+iferror(vlookup(A1,'전적확인_시즌2'!$A$2:$S$100,9,0),0)+iferror(vlookup(A1,'전적확인_시즌3'!$A$2:$S$100,9,0),0) + iferror(vlookup(A1,'전적확인_시즌4'!$A$2:$S$100,9,0),0) + iferror(vlookup(A1,'전적확인_시즌5'!$A$2:$S$100,9,0),0) + iferror(vlookup(A1,'전적확인_시즌6'!$A$2:$S$100,9,0),0) + iferror(vlookup(A1,'전적확인_시즌7'!$A$2:$S$100,9,0),0) + iferror(vlookup(A1,'전적확인_시즌8'!$A$2:$S$100,9,0),0) + iferror(vlookup(A1,'전적확인_시즌9'!$A$2:$S$100,9,0),0) + iferror(vlookup(A1,'전적확인_시즌10'!$A$2:$S$100,9,0),0) + iferror(vlookup(A1,'전적확인_시즌11'!$A$2:$S$100,9,0),0) + iferror(vlookup(A1,'전적확인_시즌12'!$A$2:$S$100,9,0),0) + iferror(vlookup(A1,'전적확인_시즌13'!$A$2:$S$100,9,0),0) + iferror(vlookup(A1,'전적확인_시즌14'!$A$2:$S$100,9,0),0) + iferror(vlookup(A1,'전적확인_시즌15'!$A$2:$S$100,9,0),0) + iferror(vlookup(A1,'전적확인_시즌16'!$A$2:$S$100,9,0),0) + iferror(vlookup(A1,'전적확인_시즌17'!$A$2:$S$100,9,0),0) + iferror(vlookup(A1,'전적확인_시즌17'!$A$2:$S$100,9,0),0) + iferror(vlookup(A1,'전적확인_시즌18'!$A$2:$S$100,9,0),0) + iferror(vlookup(A1,'전적확인_시즌19'!$A$2:$S$100,9,0),0) + iferror(vlookup(A1,'전적확인_시즌20'!$A$2:$S$100,9,0),0) + iferror(vlookup(A1,'전적확인_시즌21'!$A$2:$S$100,9,0),0) + iferror(vlookup(A1,'전적확인_시즌22'!$A$2:$S$100,9,0),0) + iferror(vlookup(A1,'전적확인_시즌23'!$A$2:$S$100,9,0),0) + iferror(vlookup(A1,'전적확인_시즌24'!$A$2:$S$100,9,0),0) + iferror(vlookup(A1,'전적확인_시즌25'!$A$2:$S$100,9,0),0) + iferror(vlookup(A1,'전적확인_시즌26'!$A$2:$S$100,9,0),0) + iferror(vlookup(A1,'전적확인_시즌27'!$A$2:$S$100,9,0),0) + iferror(vlookup(A1,'전적확인_시즌28'!$A$2:$S$100,9,0),0) + iferror(vlookup(A1,'전적확인_시즌29'!$A$2:$S$100,9,0),0) + iferror(vlookup(A1,'전적확인_시즌30'!$A$2:$S$100,9,0),0) -> 0 | AA1: =iferror(Round((Y1/(Y1+Z1)*100),2),0) -> 0
A2: 원 | B2: - | C2: - | D2: - | E2: - | F2: Y | G2: 🥇5🥉1 | H2: =I2+J2 -> 530 | I2: =iferror(vlookup(A2,'전적확인'!$A$2:$S$61,10,0),0) + iferror(vlookup(A2,'전적확인_베타시즌'!$A$2:$S$100,10,0),0)+iferror(vlookup(A2,'전적확인_시즌1'!$A$2:$S$100,10,0),0)+iferror(vlookup(A2,'전적확인_시즌2'!$A$2:$S$100,10,0),0)+iferror(vlookup(A2,'전적확인_시즌3'!$A$2:$S$100,10,0),0) + iferror(vlookup(A2,'전적확인_시즌4'!$A$2:$S$100,10,0),0) + iferror(vlookup(A2,'전적확인_시즌5'!$A$2:$S$100,10,0),0) + iferror(vlookup(A2,'전적확인_시즌6'!$A$2:$S$100,10,0),0) + iferror(vlookup(A2,'전적확인_시즌7'!$A$2:$S$100,10,0),0) + iferror(vlookup(A2,'전적확인_시즌8'!$A$2:$S$100,10,0),0) + iferror(vlookup(A2,'전적확인_시즌9'!$A$2:$S$100,10,0),0) + iferror(vlookup(A2,'전적확인_시즌10'!$A$2:$S$100,10,0),0) + iferror(vlookup(A2,'전적확인_시즌11'!$A$2:$S$100,10,0),0) + iferror(vlookup(A2,'전적확인_시즌12'!$A$2:$S$100,10,0),0) + iferror(vlookup(A2,'전적확인_시즌13'!$A$2:$S$100,10,0),0) + iferror(vlookup(A2,'전적확인_시즌14'!$A$2:$S$100,10,0),0) + iferror(vlookup(A2,'전적확인_시즌15'!$A$2:$S$100,10,0),0) + iferror(vlookup(A2,'전적확인_시즌16'!$A$2:$S$100,10,0),0) + iferror(vlookup(A2,'전적확인_시즌17'!$A$2:$S$100,10,0),0) + iferror(vlookup(A2,'전적확인_시즌17'!$A$2:$S$100,10,0),0) + iferror(vlookup(A2,'전적확인_시즌18'!$A$2:$S$100,10,0),0) + iferror(vlookup(A2,'전적확인_시즌19'!$A$2:$S$100,10,0),0) + iferror(vlookup(A2,'전적확인_시즌20'!$A$2:$S$100,10,0),0) + iferror(vlookup(A2,'전적확인_시즌21'!$A$2:$S$100,10,0),0) + iferror(vlookup(A2,'전적확인_시즌22'!$A$2:$S$100,10,0),0) + iferror(vlookup(A2,'전적확인_시즌23'!$A$2:$S$100,10,0),0) + iferror(vlookup(A2,'전적확인_시즌24'!$A$2:$S$100,10,0),0) + iferror(vlookup(A2,'전적확인_시즌25'!$A$2:$S$100,10,0),0) + iferror(vlookup(A2,'전적확인_시즌26'!$A$2:$S$100,10,0),0) + iferror(vlookup(A2,'전적확인_시즌27'!$A$2:$S$100,10,0),0) + iferror(vlookup(A2,'전적확인_시즌28'!$A$2:$S$100,10,0),0) + iferror(vlookup(A2,'전적확인_시즌29'!$A$2:$S$100,10,0),0) + iferror(vlookup(A2,'전적확인_시즌30'!$A$2:$S$100,10,0),0) -> 365 | J2: =iferror(vlookup(A2,'전적확인'!$A$2:$S$61,11,0),0) + iferror(vlookup(A2,'전적확인_베타시즌'!$A$2:$S$100,11,0),0)+iferror(vlookup(A2,'전적확인_시즌1'!$A$2:$S$100,11,0),0)+iferror(vlookup(A2,'전적확인_시즌2'!$A$2:$S$100,11,0),0)+iferror(vlookup(A2,'전적확인_시즌3'!$A$2:$S$100,11,0),0) + iferror(vlookup(A2,'전적확인_시즌4'!$A$2:$S$100,11,0),0) + iferror(vlookup(A2,'전적확인_시즌5'!$A$2:$S$100,11,0),0) + iferror(vlookup(A2,'전적확인_시즌6'!$A$2:$S$100,11,0),0) + iferror(vlookup(A2,'전적확인_시즌7'!$A$2:$S$100,11,0),0) + iferror(vlookup(A2,'전적확인_시즌8'!$A$2:$S$100,11,0),0) + iferror(vlookup(A2,'전적확인_시즌9'!$A$2:$S$100,11,0),0) + iferror(vlookup(A2,'전적확인_시즌10'!$A$2:$S$100,11,0),0) + iferror(vlookup(A2,'전적확인_시즌11'!$A$2:$S$100,11,0),0) + iferror(vlookup(A2,'전적확인_시즌12'!$A$2:$S$100,11,0),0) + iferror(vlookup(A2,'전적확인_시즌13'!$A$2:$S$100,11,0),0) + iferror(vlookup(A2,'전적확인_시즌14'!$A$2:$S$100,11,0),0) + iferror(vlookup(A2,'전적확인_시즌15'!$A$2:$S$100,11,0),0) + iferror(vlookup(A2,'전적확인_시즌16'!$A$2:$S$100,11,0),0) + iferror(vlookup(A2,'전적확인_시즌17'!$A$2:$S$100,11,0),0) + iferror(vlookup(A2,'전적확인_시즌17'!$A$2:$S$100,11,0),0) + iferror(vlookup(A2,'전적확인_시즌18'!$A$2:$S$100,11,0),0) + iferror(vlookup(A2,'전적확인_시즌19'!$A$2:$S$100,11,0),0) + iferror(vlookup(A2,'전적확인_시즌20'!$A$2:$S$100,11,0),0) + iferror(vlookup(A2,'전적확인_시즌21'!$A$2:$S$100,11,0),0) + iferror(vlookup(A2,'전적확인_시즌22'!$A$2:$S$100,11,0),0) + iferror(vlookup(A2,'전적확인_시즌23'!$A$2:$S$100,11,0),0) + iferror(vlookup(A2,'전적확인_시즌24'!$A$2:$S$100,11,0),0) + iferror(vlookup(A2,'전적확인_시즌25'!$A$2:$S$100,11,0),0) + iferror(vlookup(A2,'전적확인_시즌26'!$A$2:$S$100,11,0),0) + iferror(vlookup(A2,'전적확인_시즌27'!$A$2:$S$100,11,0),0) + iferror(vlookup(A2,'전적확인_시즌28'!$A$2:$S$100,11,0),0) + iferror(vlookup(A2,'전적확인_시즌29'!$A$2:$S$100,11,0),0) + iferror(vlookup(A2,'전적확인_시즌30'!$A$2:$S$100,11,0),0) -> 165 | K2: =iferror(Round(I2/H2 * 100, 2),0) -> 68.87 | L2: {=iferror(vlookup(A2,INDIRECT('시즌목록'!$H$2 & "!$A$2:$S$100"),10,0),0)} -> 43 | M2: {=iferror(vlookup(A2,INDIRECT('시즌목록'!$H$2 & "!$A$2:$S$100"),11,0),0)} -> 19 | N2: =iferror(Round(L2/(L2+M2) * 100, 2),0) -> 69.35 | O2: =if(and(N2>=60, L2+M2>=50),"마스터",if(and(N2>=55, L2+M2>=50),"다이아", if(and(N2>=50, L2+M2>=50),"플래티넘", if(and(N2>=40, L2+M2>=50),"골드" , if(and(N2>=30, L2+M2>=50),"실버", if(and(N2>=0, L2+M2>=50),"브론즈","아이언")))))) -> 마스터 | P2: =iferror(vlookup(A2,'전적확인'!$A$2:$S$61,2,0),0)+ iferror(vlookup(A2,'전적확인_베타시즌'!$A$2:$S$100,2,0),0)+iferror(vlookup(A2,'전적확인_시즌1'!$A$2:$S$100,2,0),0)+iferror(vlookup(A2,'전적확인_시즌2'!$A$2:$S$100,2,0),0)+iferror(vlookup(A2,'전적확인_시즌3'!$A$2:$S$100,2,0),0) + iferror(vlookup(A2,'전적확인_시즌4'!$A$2:$S$100,2,0),0) + iferror(vlookup(A2,'전적확인_시즌5'!$A$2:$S$100,2,0),0) + iferror(vlookup(A2,'전적확인_시즌6'!$A$2:$S$100,2,0),0) + iferror(vlookup(A2,'전적확인_시즌7'!$A$2:$S$100,2,0),0) + iferror(vlookup(A2,'전적확인_시즌8'!$A$2:$S$100,2,0),0) + iferror(vlookup(A2,'전적확인_시즌9'!$A$2:$S$100,2,0),0) + iferror(vlookup(A2,'전적확인_시즌10'!$A$2:$S$100,2,0),0) + iferror(vlookup(A2,'전적확인_시즌11'!$A$2:$S$100,2,0),0) + iferror(vlookup(A2,'전적확인_시즌12'!$A$2:$S$100,2,0),0) + iferror(vlookup(A2,'전적확인_시즌13'!$A$2:$S$100,2,0),0) + iferror(vlookup(A2,'전적확인_시즌14'!$A$2:$S$100,2,0),0) + iferror(vlookup(A2,'전적확인_시즌15'!$A$2:$S$100,2,0),0) + iferror(vlookup(A2,'전적확인_시즌16'!$A$2:$S$100,2,0),0) + iferror(vlookup(A2,'전적확인_시즌17'!$A$2:$S$100,2,0),0) + iferror(vlookup(A2,'전적확인_시즌17'!$A$2:$S$100,2,0),0) + iferror(vlookup(A2,'전적확인_시즌18'!$A$2:$S$100,2,0),0) + iferror(vlookup(A2,'전적확인_시즌19'!$A$2:$S$100,2,0),0) + iferror(vlookup(A2,'전적확인_시즌20'!$A$2:$S$100,2,0),0) + iferror(vlookup(A2,'전적확인_시즌21'!$A$2:$S$100,2,0),0) + iferror(vlookup(A2,'전적확인_시즌22'!$A$2:$S$100,2,0),0) + iferror(vlookup(A2,'전적확인_시즌23'!$A$2:$S$100,2,0),0) + iferror(vlookup(A2,'전적확인_시즌24'!$A$2:$S$100,2,0),0) + iferror(vlookup(A2,'전적확인_시즌25'!$A$2:$S$100,2,0),0) + iferror(vlookup(A2,'전적확인_시즌26'!$A$2:$S$100,2,0),0) + iferror(vlookup(A2,'전적확인_시즌27'!$A$2:$S$100,2,0),0) + iferror(vlookup(A2,'전적확인_시즌28'!$A$2:$S$100,2,0),0) + iferror(vlookup(A2,'전적확인_시즌29'!$A$2:$S$100,2,0),0) + iferror(vlookup(A2,'전적확인_시즌30'!$A$2:$S$100,2,0),0) -> 69 | Q2: =iferror(vlookup(A2,'전적확인'!$A$2:$S$61,3,0),0)+ iferror(vlookup(A2,'전적확인_베타시즌'!$A$2:$S$100,3,0),0)+iferror(vlookup(A2,'전적확인_시즌1'!$A$2:$S$100,3,0),0)+iferror(vlookup(A2,'전적확인_시즌2'!$A$2:$S$100,3,0),0)+iferror(vlookup(A2,'전적확인_시즌3'!$A$2:$S$100,3,0),0) + iferror(vlookup(A2,'전적확인_시즌4'!$A$2:$S$100,3,0),0) + iferror(vlookup(A2,'전적확인_시즌5'!$A$2:$S$100,3,0),0) + iferror(vlookup(A2,'전적확인_시즌6'!$A$2:$S$100,3,0),0) + iferror(vlookup(A2,'전적확인_시즌7'!$A$2:$S$100,3,0),0) + iferror(vlookup(A2,'전적확인_시즌8'!$A$2:$S$100,3,0),0) + iferror(vlookup(A2,'전적확인_시즌9'!$A$2:$S$100,3,0),0) + iferror(vlookup(A2,'전적확인_시즌10'!$A$2:$S$100,3,0),0) + iferror(vlookup(A2,'전적확인_시즌11'!$A$2:$S$100,3,0),0) + iferror(vlookup(A2,'전적확인_시즌12'!$A$2:$S$100,3,0),0) + iferror(vlookup(A2,'전적확인_시즌13'!$A$2:$S$100,3,0),0) + iferror(vlookup(A2,'전적확인_시즌14'!$A$2:$S$100,3,0),0) + iferror(vlookup(A2,'전적확인_시즌15'!$A$2:$S$100,3,0),0) + iferror(vlookup(A2,'전적확인_시즌16'!$A$2:$S$100,3,0),0) + iferror(vlookup(A2,'전적확인_시즌17'!$A$2:$S$100,3,0),0) + iferror(vlookup(A2,'전적확인_시즌17'!$A$2:$S$100,3,0),0) + iferror(vlookup(A2,'전적확인_시즌18'!$A$2:$S$100,3,0),0) + iferror(vlookup(A2,'전적확인_시즌19'!$A$2:$S$100,3,0),0) + iferror(vlookup(A2,'전적확인_시즌20'!$A$2:$S$100,3,0),0) + iferror(vlookup(A2,'전적확인_시즌21'!$A$2:$S$100,3,0),0) + iferror(vlookup(A2,'전적확인_시즌22'!$A$2:$S$100,3,0),0) + iferror(vlookup(A2,'전적확인_시즌23'!$A$2:$S$100,3,0),0) + iferror(vlookup(A2,'전적확인_시즌24'!$A$2:$S$100,3,0),0) + iferror(vlookup(A2,'전적확인_시즌25'!$A$2:$S$100,3,0),0) + iferror(vlookup(A2,'전적확인_시즌26'!$A$2:$S$100,3,0),0) + iferror(vlookup(A2,'전적확인_시즌27'!$A$2:$S$100,3,0),0) + iferror(vlookup(A2,'전적확인_시즌28'!$A$2:$S$100,3,0),0) + iferror(vlookup(A2,'전적확인_시즌29'!$A$2:$S$100,3,0),0) + iferror(vlookup(A2,'전적확인_시즌30'!$A$2:$S$100,3,0),0) -> 37 | R2: =iferror(Round((P2/(P2+Q2)*100),2),0) -> 65.09 | S2: =iferror(vlookup(A2,'전적확인'!$A$2:$S$61,4,0),0) + iferror(vlookup(A2,'전적확인_베타시즌'!$A$2:$S$100,4,0),0)+iferror(vlookup(A2,'전적확인_시즌1'!$A$2:$S$100,4,0),0)+iferror(vlookup(A2,'전적확인_시즌2'!$A$2:$S$100,4,0),0)+iferror(vlookup(A2,'전적확인_시즌3'!$A$2:$S$100,4,0),0) + iferror(vlookup(A2,'전적확인_시즌4'!$A$2:$S$100,4,0),0) + iferror(vlookup(A2,'전적확인_시즌5'!$A$2:$S$100,4,0),0) + iferror(vlookup(A2,'전적확인_시즌6'!$A$2:$S$100,4,0),0) + iferror(vlookup(A2,'전적확인_시즌7'!$A$2:$S$100,4,0),0) + iferror(vlookup(A2,'전적확인_시즌8'!$A$2:$S$100,4,0),0) + iferror(vlookup(A2,'전적확인_시즌9'!$A$2:$S$100,4,0),0) + iferror(vlookup(A2,'전적확인_시즌10'!$A$2:$S$100,4,0),0) + iferror(vlookup(A2,'전적확인_시즌11'!$A$2:$S$100,4,0),0) + iferror(vlookup(A2,'전적확인_시즌12'!$A$2:$S$100,4,0),0) + iferror(vlookup(A2,'전적확인_시즌13'!$A$2:$S$100,4,0),0) + iferror(vlookup(A2,'전적확인_시즌14'!$A$2:$S$100,4,0),0) + iferror(vlookup(A2,'전적확인_시즌15'!$A$2:$S$100,4,0),0) + iferror(vlookup(A2,'전적확인_시즌16'!$A$2:$S$100,4,0),0) + iferror(vlookup(A2,'전적확인_시즌17'!$A$2:$S$100,4,0),0) + iferror(vlookup(A2,'전적확인_시즌17'!$A$2:$S$100,4,0),0) + iferror(vlookup(A2,'전적확인_시즌18'!$A$2:$S$100,4,0),0) + iferror(vlookup(A2,'전적확인_시즌19'!$A$2:$S$100,4,0),0) + iferror(vlookup(A2,'전적확인_시즌20'!$A$2:$S$100,4,0),0) + iferror(vlookup(A2,'전적확인_시즌21'!$A$2:$S$100,4,0),0) + iferror(vlookup(A2,'전적확인_시즌22'!$A$2:$S$100,4,0),0) + iferror(vlookup(A2,'전적확인_시즌23'!$A$2:$S$100,4,0),0) + iferror(vlookup(A2,'전적확인_시즌24'!$A$2:$S$100,4,0),0) + iferror(vlookup(A2,'전적확인_시즌25'!$A$2:$S$100,4,0),0) + iferror(vlookup(A2,'전적확인_시즌26'!$A$2:$S$100,4,0),0) + iferror(vlookup(A2,'전적확인_시즌27'!$A$2:$S$100,4,0),0) + iferror(vlookup(A2,'전적확인_시즌28'!$A$2:$S$100,4,0),0) + iferror(vlookup(A2,'전적확인_시즌29'!$A$2:$S$100,4,0),0) + iferror(vlookup(A2,'전적확인_시즌30'!$A$2:$S$100,4,0),0) -> 86 | T2: =iferror(vlookup(A2,'전적확인'!$A$2:$S$61,5,0),0) + iferror(vlookup(A2,'전적확인_베타시즌'!$A$2:$S$100,5,0),0)+iferror(vlookup(A2,'전적확인_시즌1'!$A$2:$S$100,5,0),0)+iferror(vlookup(A2,'전적확인_시즌2'!$A$2:$S$100,5,0),0)+iferror(vlookup(A2,'전적확인_시즌3'!$A$2:$S$100,5,0),0) + iferror(vlookup(A2,'전적확인_시즌4'!$A$2:$S$100,5,0),0) + iferror(vlookup(A2,'전적확인_시즌5'!$A$2:$S$100,5,0),0) + iferror(vlookup(A2,'전적확인_시즌6'!$A$2:$S$100,5,0),0) + iferror(vlookup(A2,'전적확인_시즌7'!$A$2:$S$100,5,0),0) + iferror(vlookup(A2,'전적확인_시즌8'!$A$2:$S$100,5,0),0) + iferror(vlookup(A2,'전적확인_시즌9'!$A$2:$S$100,5,0),0) + iferror(vlookup(A2,'전적확인_시즌10'!$A$2:$S$100,5,0),0) + iferror(vlookup(A2,'전적확인_시즌11'!$A$2:$S$100,5,0),0) + iferror(vlookup(A2,'전적확인_시즌12'!$A$2:$S$100,5,0),0) + iferror(vlookup(A2,'전적확인_시즌13'!$A$2:$S$100,5,0),0) + iferror(vlookup(A2,'전적확인_시즌14'!$A$2:$S$100,5,0),0) + iferror(vlookup(A2,'전적확인_시즌15'!$A$2:$S$100,5,0),0) + iferror(vlookup(A2,'전적확인_시즌16'!$A$2:$S$100,5,0),0) + iferror(vlookup(A2,'전적확인_시즌17'!$A$2:$S$100,5,0),0) + iferror(vlookup(A2,'전적확인_시즌17'!$A$2:$S$100,5,0),0) + iferror(vlookup(A2,'전적확인_시즌18'!$A$2:$S$100,5,0),0) + iferror(vlookup(A2,'전적확인_시즌19'!$A$2:$S$100,5,0),0) + iferror(vlookup(A2,'전적확인_시즌20'!$A$2:$S$100,5,0),0) + iferror(vlookup(A2,'전적확인_시즌21'!$A$2:$S$100,5,0),0) + iferror(vlookup(A2,'전적확인_시즌22'!$A$2:$S$100,5,0),0) + iferror(vlookup(A2,'전적확인_시즌23'!$A$2:$S$100,5,0),0) + iferror(vlookup(A2,'전적확인_시즌24'!$A$2:$S$100,5,0),0) + iferror(vlookup(A2,'전적확인_시즌25'!$A$2:$S$100,5,0),0) + iferror(vlookup(A2,'전적확인_시즌26'!$A$2:$S$100,5,0),0) + iferror(vlookup(A2,'전적확인_시즌27'!$A$2:$S$100,5,0),0) + iferror(vlookup(A2,'전적확인_시즌28'!$A$2:$S$100,5,0),0) + iferror(vlookup(A2,'전적확인_시즌29'!$A$2:$S$100,5,0),0) + iferror(vlookup(A2,'전적확인_시즌30'!$A$2:$S$100,5,0),0) -> 50 | U2: =iferror(Round((S2/(S2+T2)*100),2),0) -> 63.24 | V2: =iferror(vlookup(A2,'전적확인'!$A$2:$S$61,6,0),0)+ iferror(vlookup(A2,'전적확인_베타시즌'!$A$2:$S$100,6,0),0)+iferror(vlookup(A2,'전적확인_시즌1'!$A$2:$S$100,6,0),0)+iferror(vlookup(A2,'전적확인_시즌2'!$A$2:$S$100,6,0),0)+iferror(vlookup(A2,'전적확인_시즌3'!$A$2:$S$100,6,0),0) + iferror(vlookup(A2,'전적확인_시즌4'!$A$2:$S$100,6,0),0) + iferror(vlookup(A2,'전적확인_시즌5'!$A$2:$S$100,6,0),0) + iferror(vlookup(A2,'전적확인_시즌6'!$A$2:$S$100,6,0),0) + iferror(vlookup(A2,'전적확인_시즌7'!$A$2:$S$100,6,0),0) + iferror(vlookup(A2,'전적확인_시즌8'!$A$2:$S$100,6,0),0) + iferror(vlookup(A2,'전적확인_시즌9'!$A$2:$S$100,6,0),0) + iferror(vlookup(A2,'전적확인_시즌10'!$A$2:$S$100,6,0),0) + iferror(vlookup(A2,'전적확인_시즌11'!$A$2:$S$100,6,0),0) + iferror(vlookup(A2,'전적확인_시즌12'!$A$2:$S$100,6,0),0) + iferror(vlookup(A2,'전적확인_시즌13'!$A$2:$S$100,6,0),0) + iferror(vlookup(A2,'전적확인_시즌14'!$A$2:$S$100,6,0),0) + iferror(vlookup(A2,'전적확인_시즌15'!$A$2:$S$100,6,0),0) + iferror(vlookup(A2,'전적확인_시즌16'!$A$2:$S$100,6,0),0) + iferror(vlookup(A2,'전적확인_시즌17'!$A$2:$S$100,6,0),0) + iferror(vlookup(A2,'전적확인_시즌17'!$A$2:$S$100,6,0),0) + iferror(vlookup(A2,'전적확인_시즌18'!$A$2:$S$100,6,0),0) + iferror(vlookup(A2,'전적확인_시즌19'!$A$2:$S$100,6,0),0) + iferror(vlookup(A2,'전적확인_시즌20'!$A$2:$S$100,6,0),0) + iferror(vlookup(A2,'전적확인_시즌21'!$A$2:$S$100,6,0),0) + iferror(vlookup(A2,'전적확인_시즌22'!$A$2:$S$100,6,0),0) + iferror(vlookup(A2,'전적확인_시즌23'!$A$2:$S$100,6,0),0) + iferror(vlookup(A2,'전적확인_시즌24'!$A$2:$S$100,6,0),0) + iferror(vlookup(A2,'전적확인_시즌25'!$A$2:$S$100,6,0),0) + iferror(vlookup(A2,'전적확인_시즌26'!$A$2:$S$100,6,0),0) + iferror(vlookup(A2,'전적확인_시즌27'!$A$2:$S$100,6,0),0) + iferror(vlookup(A2,'전적확인_시즌28'!$A$2:$S$100,6,0),0) + iferror(vlookup(A2,'전적확인_시즌29'!$A$2:$S$100,6,0),0) + iferror(vlookup(A2,'전적확인_시즌30'!$A$2:$S$100,6,0),0) -> 80 | W2: =iferror(vlookup(A2,'전적확인'!$A$2:$S$61,7,0),0)+ iferror(vlookup(A2,'전적확인_베타시즌'!$A$2:$S$100,7,0),0)+iferror(vlookup(A2,'전적확인_시즌1'!$A$2:$S$100,7,0),0)+iferror(vlookup(A2,'전적확인_시즌2'!$A$2:$S$100,7,0),0)+iferror(vlookup(A2,'전적확인_시즌3'!$A$2:$S$100,7,0),0) + iferror(vlookup(A2,'전적확인_시즌4'!$A$2:$S$100,7,0),0) + iferror(vlookup(A2,'전적확인_시즌5'!$A$2:$S$100,7,0),0) + iferror(vlookup(A2,'전적확인_시즌6'!$A$2:$S$100,7,0),0) + iferror(vlookup(A2,'전적확인_시즌7'!$A$2:$S$100,7,0),0) + iferror(vlookup(A2,'전적확인_시즌8'!$A$2:$S$100,7,0),0) + iferror(vlookup(A2,'전적확인_시즌9'!$A$2:$S$100,7,0),0) + iferror(vlookup(A2,'전적확인_시즌10'!$A$2:$S$100,7,0),0) + iferror(vlookup(A2,'전적확인_시즌11'!$A$2:$S$100,7,0),0) + iferror(vlookup(A2,'전적확인_시즌12'!$A$2:$S$100,7,0),0) + iferror(vlookup(A2,'전적확인_시즌13'!$A$2:$S$100,7,0),0) + iferror(vlookup(A2,'전적확인_시즌14'!$A$2:$S$100,7,0),0) + iferror(vlookup(A2,'전적확인_시즌15'!$A$2:$S$100,7,0),0) + iferror(vlookup(A2,'전적확인_시즌16'!$A$2:$S$100,7,0),0) + iferror(vlookup(A2,'전적확인_시즌17'!$A$2:$S$100,7,0),0) + iferror(vlookup(A2,'전적확인_시즌17'!$A$2:$S$100,7,0),0) + iferror(vlookup(A2,'전적확인_시즌18'!$A$2:$S$100,7,0),0) + iferror(vlookup(A2,'전적확인_시즌19'!$A$2:$S$100,7,0),0) + iferror(vlookup(A2,'전적확인_시즌20'!$A$2:$S$100,7,0),0) + iferror(vlookup(A2,'전적확인_시즌21'!$A$2:$S$100,7,0),0) + iferror(vlookup(A2,'전적확인_시즌22'!$A$2:$S$100,7,0),0) + iferror(vlookup(A2,'전적확인_시즌23'!$A$2:$S$100,7,0),0) + iferror(vlookup(A2,'전적확인_시즌24'!$A$2:$S$100,7,0),0) + iferror(vlookup(A2,'전적확인_시즌25'!$A$2:$S$100,7,0),0) + iferror(vlookup(A2,'전적확인_시즌26'!$A$2:$S$100,7,0),0) + iferror(vlookup(A2,'전적확인_시즌27'!$A$2:$S$100,7,0),0) + iferror(vlookup(A2,'전적확인_시즌28'!$A$2:$S$100,7,0),0) + iferror(vlookup(A2,'전적확인_시즌29'!$A$2:$S$100,7,0),0) + iferror(vlookup(A2,'전적확인_시즌30'!$A$2:$S$100,7,0),0) -> 29 | X2: =iferror(Round((V2/(V2+W2)*100),2),0) -> 73.39 | Y2: =iferror(vlookup(A2,'전적확인'!$A$2:$S$61,8,0),0) + iferror(vlookup(A2,'전적확인_베타시즌'!$A$2:$S$100,8,0),0)+iferror(vlookup(A2,'전적확인_시즌1'!$A$2:$S$100,8,0),0)+iferror(vlookup(A2,'전적확인_시즌2'!$A$2:$S$100,8,0),0)+iferror(vlookup(A2,'전적확인_시즌3'!$A$2:$S$100,8,0),0) + iferror(vlookup(A2,'전적확인_시즌4'!$A$2:$S$100,8,0),0) + iferror(vlookup(A2,'전적확인_시즌5'!$A$2:$S$100,8,0),0) + iferror(vlookup(A2,'전적확인_시즌6'!$A$2:$S$100,8,0),0) + iferror(vlookup(A2,'전적확인_시즌7'!$A$2:$S$100,8,0),0) + iferror(vlookup(A2,'전적확인_시즌8'!$A$2:$S$100,8,0),0) + iferror(vlookup(A2,'전적확인_시즌9'!$A$2:$S$100,8,0),0) + iferror(vlookup(A2,'전적확인_시즌10'!$A$2:$S$100,8,0),0) + iferror(vlookup(A2,'전적확인_시즌11'!$A$2:$S$100,8,0),0) + iferror(vlookup(A2,'전적확인_시즌12'!$A$2:$S$100,8,0),0) + iferror(vlookup(A2,'전적확인_시즌13'!$A$2:$S$100,8,0),0) + iferror(vlookup(A2,'전적확인_시즌14'!$A$2:$S$100,8,0),0) + iferror(vlookup(A2,'전적확인_시즌15'!$A$2:$S$100,8,0),0) + iferror(vlookup(A2,'전적확인_시즌16'!$A$2:$S$100,8,0),0) + iferror(vlookup(A2,'전적확인_시즌17'!$A$2:$S$100,8,0),0) + iferror(vlookup(A2,'전적확인_시즌17'!$A$2:$S$100,8,0),0) + iferror(vlookup(A2,'전적확인_시즌18'!$A$2:$S$100,8,0),0) + iferror(vlookup(A2,'전적확인_시즌19'!$A$2:$S$100,8,0),0) + iferror(vlookup(A2,'전적확인_시즌20'!$A$2:$S$100,8,0),0) + iferror(vlookup(A2,'전적확인_시즌21'!$A$2:$S$100,8,0),0) + iferror(vlookup(A2,'전적확인_시즌22'!$A$2:$S$100,8,0),0) + iferror(vlookup(A2,'전적확인_시즌23'!$A$2:$S$100,8,0),0) + iferror(vlookup(A2,'전적확인_시즌24'!$A$2:$S$100,8,0),0) + iferror(vlookup(A2,'전적확인_시즌25'!$A$2:$S$100,8,0),0) + iferror(vlookup(A2,'전적확인_시즌26'!$A$2:$S$100,8,0),0) + iferror(vlookup(A2,'전적확인_시즌27'!$A$2:$S$100,8,0),0) + iferror(vlookup(A2,'전적확인_시즌28'!$A$2:$S$100,8,0),0) + iferror(vlookup(A2,'전적확인_시즌29'!$A$2:$S$100,8,0),0) + iferror(vlookup(A2,'전적확인_시즌30'!$A$2:$S$100,8,0),0) -> 130 | Z2: =iferror(vlookup(A2,'전적확인'!$A$2:$S$61,9,0),0) + iferror(vlookup(A2,'전적확인_베타시즌'!$A$2:$S$100,9,0),0)+iferror(vlookup(A2,'전적확인_시즌1'!$A$2:$S$100,9,0),0)+iferror(vlookup(A2,'전적확인_시즌2'!$A$2:$S$100,9,0),0)+iferror(vlookup(A2,'전적확인_시즌3'!$A$2:$S$100,9,0),0) + iferror(vlookup(A2,'전적확인_시즌4'!$A$2:$S$100,9,0),0) + iferror(vlookup(A2,'전적확인_시즌5'!$A$2:$S$100,9,0),0) + iferror(vlookup(A2,'전적확인_시즌6'!$A$2:$S$100,9,0),0) + iferror(vlookup(A2,'전적확인_시즌7'!$A$2:$S$100,9,0),0) + iferror(vlookup(A2,'전적확인_시즌8'!$A$2:$S$100,9,0),0) + iferror(vlookup(A2,'전적확인_시즌9'!$A$2:$S$100,9,0),0) + iferror(vlookup(A2,'전적확인_시즌10'!$A$2:$S$100,9,0),0) + iferror(vlookup(A2,'전적확인_시즌11'!$A$2:$S$100,9,0),0) + iferror(vlookup(A2,'전적확인_시즌12'!$A$2:$S$100,9,0),0) + iferror(vlookup(A2,'전적확인_시즌13'!$A$2:$S$100,9,0),0) + iferror(vlookup(A2,'전적확인_시즌14'!$A$2:$S$100,9,0),0) + iferror(vlookup(A2,'전적확인_시즌15'!$A$2:$S$100,9,0),0) + iferror(vlookup(A2,'전적확인_시즌16'!$A$2:$S$100,9,0),0) + iferror(vlookup(A2,'전적확인_시즌17'!$A$2:$S$100,9,0),0) + iferror(vlookup(A2,'전적확인_시즌17'!$A$2:$S$100,9,0),0) + iferror(vlookup(A2,'전적확인_시즌18'!$A$2:$S$100,9,0),0) + iferror(vlookup(A2,'전적확인_시즌19'!$A$2:$S$100,9,0),0) + iferror(vlookup(A2,'전적확인_시즌20'!$A$2:$S$100,9,0),0) + iferror(vlookup(A2,'전적확인_시즌21'!$A$2:$S$100,9,0),0) + iferror(vlookup(A2,'전적확인_시즌22'!$A$2:$S$100,9,0),0) + iferror(vlookup(A2,'전적확인_시즌23'!$A$2:$S$100,9,0),0) + iferror(vlookup(A2,'전적확인_시즌24'!$A$2:$S$100,9,0),0) + iferror(vlookup(A2,'전적확인_시즌25'!$A$2:$S$100,9,0),0) + iferror(vlookup(A2,'전적확인_시즌26'!$A$2:$S$100,9,0),0) + iferror(vlookup(A2,'전적확인_시즌27'!$A$2:$S$100,9,0),0) + iferror(vlookup(A2,'전적확인_시즌28'!$A$2:$S$100,9,0),0) + iferror(vlookup(A2,'전적확인_시즌29'!$A$2:$S$100,9,0),0) + iferror(vlookup(A2,'전적확인_시즌30'!$A$2:$S$100,9,0),0) -> 49 | AA2: =iferror(Round((Y2/(Y2+Z2)*100),2),0) -> 72.63
